6,Transportation,chain
1,Transportation,revenue
1,Transportation,dollar
1,Transportation,trade
3,Transportation,mile
8,Transportation,freight
1,Transportation,aviation
1,Transportation,patient
1,Transportation,alternative
2,Transportation,railroad
1,Transportation,rescue
1,Transportation,ground
1,Transportation,snack
1,Transportation,office
1,Transportation,gulf
1,Transportation,lo
1,Transportation,facility
1,Transportation,terminal
1,Transportation,source
1,Transportation,program
1,Transportation,cash
1,Transportation,employee
1,Transportation,suite
1,Transportation,sound
3,Transportation,flatbed
1,Transportation,emergency
1,Transportation,practice
1,Transportation,coast
3,Transportation,haul
1,Transportation,linehaul
3,Transportation,airfare
1,Transportation,world
2,Transportation,ticket
1,Transportation,dryage
1,Transportation,delivery
1,Transportation,school
1,Transportation,capacity
1,Transportation,gift
2,Transportation,truckload
1,Transportation,knight
1,Transportation,tran
10,Transportation,solution
1,Transportation,opera
1,Transportation,mode
15,Transportation,logistic
1,Transportation,team
1,Transportation,largo
1,Transportation,tanker
1,Transportation,view
1,Transportation,status
1,Transportation,requirement
1,Transportation,hunt
1,Transportation,leasing
1,Transportation,deal
1,Transportation,espa
2,Transportation,energy
1,Transportation,reefer
1,Transportation,hawaii
1,Transportation,owner
1,Transportation,rate
1,Transportation,growth
2,Transportation,result
1,Transportation,home
2,Transportation,operation
1,Transportation,n
1,Transportation,employment
2,Transportation,port
7,Transportation,transport
1,Transportation,addition
3,Transportation,cargo
1,Transportation,scale
1,Transportation,container
4,Transportation,network
1,Transportation,entertainment
1,Transportation,pet
2,Transportation,aeropuerto
1,Transportation,brink
1,Transportation,access
2,Transportation,state
2,Transportation,safety
1,Transportation,shipment
6,Transportation,provider
2,Transportation,leader
1,Transportation,core
23,Transportation,transportation
1,Transportation,business
2,Transportation,schedule
3,Transportation,driver
1,Transportation,million
2,Transportation,discount
4,Transportation,job
1,Transportation,flyer
1,Transportation,extent
1,Transportation,franchise
2,Transportation,brokerage
1,Transportation,security
1,Transportation,card
1,Transportation,care
1,Transportation,training
2,Transportation,shipper
18,Transportation,service
1,Transportation,warehousing
1,Transportation,career
3,Transportation,industry
2,Transportation,contract
8,Transportation,trucking
1,Transportation,oficial
1,Transportation,swa
1,Transportation,connection
4,Transportation,carrier
1,Transportation,place
4,Transportation,airline
1,Transportation,today
1,Transportation,ltl
3,Transportation,destination
1,Transportation,saving
1,Transportation,letter
1,Transportation,family
6,Transportation,supply
1,Transportation,parcel
1,Transportation,system
1,Transportation,refriderated
1,Transportation,transporter
2,Transportation,operator
1,Transportation,traveler
1,Transportation,forwarding
2,Transportation,quality
1,Transportation,market
1,Transportation,city
1,Transportation,line
9,Transportation,management
4,Transportation,van
1,Transportation,temperature
1,Transportation,jet
1,Transportation,union
1,Transportation,yrc
4,Transportation,vacation
1,Transportation,frieght
1,Transportation,forwarder
1,Transportation,jb
2,Transportation,maintenance
2,Transportation,helicopter
1,Transportation,louisiana
1,Transportation,capital
1,Transportation,pl
1,Transportation,website
4,Transportation,flight
1,Transportation,lot
2,Transportation,offering
1,Transportation,bus
15,Transportation,company
1,Transportation,hotel
1,Transportation,gas
1,Transportation,search
1,Transportation,veteran
1,Transportation,volume
1,Transportation,link
1,Transportation,demand
3,Transportation,subsidiary
1,Transportation,otr
2,Transportation,pilot
3,Transportation,customer
1,Transportation,car
1,Transportation,challenge
1,Transportation,work
1,Transportation,pac
4,Transportation,air
1,Transportation,preparation
1,Transportation,sourcing
2,Transportation,cost
1,Transportation,del
1,Transportation,client
1,Transportation,mechanic
2,Transportation,fleet
1,Transportation,distribution
1,Transportation,route
1,Transportation,sort
1,Transportation,mexico
2,Transportation,premier
1,Transportation,al
1,Transportation,surface
1,Transportation,package
1,Transportation,multimodal
1,Transportation,partner
1,Transportation,legroom
1,Transportation,trip
1,Transportation,railcar
3,Transportation,information
1,Transportation,sitio
1,Transportation,variety
1,Transportation,corporation
3,Transportation,travel
1,Transportation,airport
1,Transportation,guadalajara
1,Transportation,arrangement
3,Transportation,book
1,Transportation,republic
1,Transportation,income
1,Transportation,shuttle
2,Transportation,party
1,Transportation,indianapoli
1,Transportation,tool
2,Transportation,fare
1,Transportation,product
1,Transportation,oil
1,Transportation,iflyswa
1,Transportation,track
1,Transportation,drink
2,Transportation,rail
1,Transportation,loyalty
1,Transportation,waterborne
1,Transportation,loading
1,Transportation,district
1,Transportation,portal
1,Transportation,student
1,Transportation,professional
1,Transportation,reservation
1,Transportation,nation
1,Transportation,payment
1,Transportation,structure
1,Transportation,bulk
1,Transportation,center
2,Transportation,sale
1,Transportation,ocean
2,Transportation,coal
1,Transportation,gap
1,Transportation,reputation
3,Transportation,truck
1,Transportation,time
1,Transportation,y
1,Transportation,region
1,Transportation,model
1,Transportation,wing
1,Finance,sector
1,Finance,neighborhood
1,Finance,ataxz
2,Finance,office
3,Finance,money
1,Finance,trade
2,Finance,report
4,Finance,planning
2,Finance,relation
1,Finance,motorcycle
1,Finance,association
1,Finance,portfolio
2,Finance,alternative
1,Finance,worthington
1,Finance,underwriting
1,Finance,weekly
1,Finance,access
2,Finance,retirement
2,Finance,group
1,Finance,chain
1,Finance,title
1,Finance,banner
2,Finance,guidance
2,Finance,supply
1,Finance,dc
1,Finance,lender
1,Finance,charge
6,Finance,location
1,Finance,lp
2,Finance,treasury
2,Finance,employee
1,Finance,derivative
1,Finance,maryland
1,Finance,team
2,Finance,work
2,Finance,lending
1,Finance,innovation
2,Finance,merchant
1,Finance,sound
2,Finance,risk
2,Finance,government
1,Finance,press
3,Finance,auto
3,Finance,internet
1,Finance,ame
2,Finance,school
1,Finance,commitment
1,Finance,barrier
2,Finance,servicing
1,Finance,akron
4,Finance,world
1,Finance,cbot
4,Finance,investor
30,Finance,bank
2,Finance,term
3,Finance,resource
1,Finance,gift
1,Finance,cme
7,Finance,solution
1,Finance,atax
32,Finance,banking
2,Finance,benefit
1,Finance,maintenance
1,Finance,clientele
1,Finance,activity
1,Finance,depository
3,Finance,security
1,Finance,billpay
1,Finance,university
1,Finance,landscaping
1,Finance,bond
1,Finance,application
1,Finance,charter
3,Finance,interest
2,Finance,leasing
3,Finance,people
1,Finance,globe
1,Finance,receipt
1,Finance,invester
1,Finance,hawaii
1,Finance,contracting
2,Finance,rate
7,Finance,individual
2,Finance,trading
1,Finance,cleveland
1,Finance,coverage
6,Finance,home
1,Finance,operation
1,Finance,employment
16,Finance,investment
1,Finance,special
1,Finance,lockbox
1,Finance,index
1,Finance,practice
1,Finance,scale
23,Finance,business
14,Finance,mortgage
1,Finance,chicago
1,Finance,profit
1,Finance,texa
1,Finance,specialist
1,Finance,convenience
1,Finance,per
1,Finance,research
1,Finance,increase
3,Finance,state
1,Finance,energy
1,Finance,turnaround
2,Finance,debit
3,Finance,developer
1,Finance,approach
2,Finance,leader
1,Finance,core
1,Finance,dalla
1,Finance,mercantile
1,Finance,parent
2,Finance,exchange
1,Finance,rock
1,Finance,payroll
2,Finance,broker
1,Finance,efficiency
1,Finance,protection
4,Finance,relationship
2,Finance,york
2,Finance,advisor
1,Finance,ratio
1,Finance,respect
5,Finance,card
1,Finance,centerstate
1,Finance,buck
1,Finance,voice
2,Finance,certificate
1,Finance,amex
1,Finance,career
1,Finance,country
2,Finance,industry
1,Finance,bbcn
1,Finance,florida
2,Finance,provider
1,Finance,experience
1,Finance,example
7,Finance,credit
1,Finance,range
1,Finance,leadership
3,Finance,banker
1,Finance,login
1,Finance,housing
1,Finance,jersey
1,Finance,cleaning
1,Finance,fbr
2,Finance,consulting
1,Finance,alliance
15,Finance,saving
2,Finance,student
3,Finance,family
2,Finance,facility
1,Finance,partnering
1,Finance,hometown
16,Finance,loan
2,Finance,washington
1,Finance,sweep
20,Finance,community
3,Finance,county
2,Finance,entrepreneur
1,Finance,flexibility
1,Finance,charle
1,Finance,arkansa
2,Finance,brokerage
1,Finance,owner
5,Finance,equity
1,Finance,array
6,Finance,trust
1,Finance,quality
2,Finance,financing
5,Finance,market
1,Finance,city
1,Finance,mississippi
14,Finance,management
7,Finance,wealth
32,Finance,service
3,Finance,area
1,Finance,arlington
1,Finance,overdraft
1,Finance,philadelphia
2,Finance,strategy
1,Finance,giftcard
4,Finance,asset
2,Finance,way
1,Finance,letter
1,Finance,hundred
1,Finance,parking
1,Finance,capital
1,Finance,today
1,Finance,board
4,Finance,firm
2,Finance,life
1,Finance,mellon
3,Finance,option
3,Finance,offering
2,Finance,offer
1,Finance,tax
6,Finance,company
2,Finance,citizen
1,Finance,award
1,Finance,volume
2,Finance,phone
1,Finance,columbu
1,Finance,reinventing
2,Finance,subsidiary
2,Finance,line
6,Finance,institution
1,Finance,volunteer
8,Finance,customer
5,Finance,account
2,Finance,hour
3,Finance,bill
1,Finance,cash
1,Finance,value
1,Finance,project
3,Finance,future
3,Finance,property
1,Finance,appraisal
1,Finance,municipality
1,Finance,care
2,Finance,release
1,Finance,marketplace
1,Finance,atm
7,Finance,estate
1,Finance,century
1,Finance,ozark
1,Finance,m
1,Finance,occupier
3,Finance,year
1,Finance,belmont
1,Finance,doesn
1,Finance,patriot
1,Finance,need
1,Finance,engineering
1,Finance,wellsville
2,Finance,expertise
1,Finance,fairlawn
1,Finance,partner
1,Finance,education
1,Finance,townhouse
1,Finance,check
1,Finance,casualty
5,Finance,finance
2,Finance,information
1,Finance,nj
1,Finance,participant
5,Finance,goal
1,Finance,depositanytime
1,Finance,variety
2,Finance,technology
1,Finance,travel
1,Finance,beltway
2,Finance,premier
1,Finance,feature
11,Finance,insurance
1,Finance,equipment
1,Finance,seminar
4,Finance,branch
1,Finance,korean
1,Finance,ar
1,Finance,tool
2,Finance,stock
3,Finance,development
1,Finance,youth
8,Finance,product
1,Finance,material
1,Finance,columbia
3,Finance,quote
1,Finance,advice
1,Finance,alliancebankpa
1,Finance,expectation
1,Finance,director
1,Finance,agriculture
1,Finance,wire
1,Finance,shareholder
1,Finance,plan
1,Finance,nymex
1,Finance,calcutta
1,Finance,middlesex
1,Finance,america
1,Finance,response
1,Finance,building
1,Finance,woodmere
4,Finance,organization
1,Finance,center
1,Finance,commodity
1,Finance,fund
1,Finance,fee
2,Finance,american
1,Finance,borrowing
2,Finance,sale
3,Finance,st
1,Finance,waldorf
1,Finance,person
1,Finance,switch
2,Finance,client
6,Finance,deposit
1,Finance,boone
2,Finance,professional
2,Finance,reward
1,Finance,consumer
1,Finance,decision
1,Public Utilities,zinc
1,Public Utilities,edu
1,Public Utilities,dish
1,Public Utilities,integrity
1,Public Utilities,recharge
1,Public Utilities,content
9,Public Utilities,electricity
4,Public Utilities,disposal
2,Public Utilities,environment
1,Public Utilities,program
1,Public Utilities,alberta
1,Public Utilities,suite
1,Public Utilities,pride
1,Public Utilities,presentation
1,Public Utilities,shaving
2,Public Utilities,smartphone
1,Public Utilities,innovation
1,Public Utilities,wave
1,Public Utilities,fall
2,Public Utilities,drinking
1,Public Utilities,ticker
2,Public Utilities,voip
2,Public Utilities,cable
6,Public Utilities,transmission
9,Public Utilities,solution
1,Public Utilities,team
1,Public Utilities,neighborhood
1,Public Utilities,cooperative
1,Public Utilities,paso
1,Public Utilities,pdvconnect
1,Public Utilities,aquifer
2,Public Utilities,rate
1,Public Utilities,arizona
1,Public Utilities,design
1,Public Utilities,investment
1,Public Utilities,index
8,Public Utilities,business
6,Public Utilities,cell
1,Public Utilities,marketer
1,Public Utilities,transportation
1,Public Utilities,exchange
1,Public Utilities,caiso
7,Public Utilities,water
1,Public Utilities,bromine
1,Public Utilities,protection
1,Public Utilities,slater
1,Public Utilities,change
1,Public Utilities,search
1,Public Utilities,tortoise
1,Public Utilities,experience
4,Public Utilities,tv
1,Public Utilities,trainer
1,Public Utilities,love
1,Public Utilities,family
1,Public Utilities,mobility
1,Public Utilities,partnering
1,Public Utilities,glitch
1,Public Utilities,ipp
1,Public Utilities,licensing
1,Public Utilities,cloud
1,Public Utilities,menomonee
1,Public Utilities,use
1,Public Utilities,telu
1,Public Utilities,usb
1,Public Utilities,usa
1,Public Utilities,hospital
1,Public Utilities,texting
1,Public Utilities,governance
3,Public Utilities,asset
1,Public Utilities,type
3,Public Utilities,today
14,Public Utilities,company
1,Public Utilities,emission
1,Public Utilities,award
3,Public Utilities,site
13,Public Utilities,phone
1,Public Utilities,train
1,Public Utilities,tariff
15,Public Utilities,customer
1,Public Utilities,account
1,Public Utilities,f
1,Public Utilities,science
2,Public Utilities,midstream
1,Public Utilities,control
1,Public Utilities,estate
1,Public Utilities,process
1,Public Utilities,choice
1,Public Utilities,scheduling
1,Public Utilities,gallon
1,Public Utilities,earpiece
2,Public Utilities,information
1,Public Utilities,recovery
1,Public Utilities,comfort
1,Public Utilities,stock
1,Public Utilities,gaming
1,Public Utilities,product
2,Public Utilities,collection
1,Public Utilities,accessory
1,Public Utilities,lumo
1,Public Utilities,law
4,Public Utilities,data
1,Public Utilities,light
1,Public Utilities,headquarters
2,Public Utilities,coal
1,Public Utilities,responsibility
5,Public Utilities,wind
1,Public Utilities,miso
2,Public Utilities,office
1,Public Utilities,telecom
1,Public Utilities,meter
1,Public Utilities,buyer
1,Public Utilities,scott
1,Public Utilities,biomas
1,Public Utilities,style
1,Public Utilities,group
1,Public Utilities,cassella
2,Public Utilities,production
1,Public Utilities,headsets
2,Public Utilities,fio
1,Public Utilities,pjm
1,Public Utilities,engery
2,Public Utilities,nation
2,Public Utilities,investor
1,Public Utilities,day
1,Public Utilities,name
1,Public Utilities,university
1,Public Utilities,capability
1,Public Utilities,el
1,Public Utilities,nyiso
1,Public Utilities,financial
5,Public Utilities,generation
22,Public Utilities,energy
3,Public Utilities,plant
1,Public Utilities,bluetooth
5,Public Utilities,operation
1,Public Utilities,dynergy
1,Public Utilities,event
7,Public Utilities,network
1,Public Utilities,semiconductor
3,Public Utilities,dsl
2,Public Utilities,safety
7,Public Utilities,internet
1,Public Utilities,print
2,Public Utilities,fiber
2,Public Utilities,wisconsin
2,Public Utilities,telecommunication
1,Public Utilities,california
1,Public Utilities,york
1,Public Utilities,dispatcher
1,Public Utilities,card
1,Public Utilities,organic
1,Public Utilities,cadiz
1,Public Utilities,route
1,Public Utilities,place
1,Public Utilities,serivce
1,Public Utilities,revenue
1,Public Utilities,municipality
1,Public Utilities,preservation
1,Public Utilities,array
1,Public Utilities,clarity
4,Public Utilities,quality
1,Public Utilities,townhome
6,Public Utilities,management
27,Public Utilities,service
2,Public Utilities,system
1,Public Utilities,regulation
1,Public Utilities,station
1,Public Utilities,master
1,Public Utilities,farming
1,Public Utilities,hydropower
3,Public Utilities,option
1,Public Utilities,compressor
1,Public Utilities,part
3,Public Utilities,distance
1,Public Utilities,financing
1,Public Utilities,project
1,Public Utilities,video
1,Public Utilities,backflow
1,Public Utilities,partnership
1,Public Utilities,mine
1,Public Utilities,latency
1,Public Utilities,microphone
3,Public Utilities,storage
4,Public Utilities,equipment
1,Public Utilities,emphasis
2,Public Utilities,performance
1,Public Utilities,channel
1,Public Utilities,fcr
1,Public Utilities,headset
1,Public Utilities,price
2,Public Utilities,shareholder
5,Public Utilities,plan
1,Public Utilities,device
1,Public Utilities,payment
2,Public Utilities,colocation
1,Public Utilities,sale
1,Public Utilities,pipe
3,Public Utilities,enterprise
2,Public Utilities,professional
1,Public Utilities,consumer
1,Public Utilities,selection
1,Public Utilities,greenhouse
2,Public Utilities,texa
1,Public Utilities,maine
1,Public Utilities,minnesota
3,Public Utilities,employee
1,Public Utilities,rankine
1,Public Utilities,califonia
2,Public Utilities,television
1,Public Utilities,report
2,Public Utilities,resource
1,Public Utilities,deferral
1,Public Utilities,fuel
1,Public Utilities,x
1,Public Utilities,vision
1,Public Utilities,kardinya
3,Public Utilities,testing
1,Public Utilities,computer
2,Public Utilities,innovator
4,Public Utilities,capacity
3,Public Utilities,state
3,Public Utilities,email
1,Public Utilities,conferencing
2,Public Utilities,infrastructure
1,Public Utilities,chlorination
1,Public Utilities,zbb
1,Public Utilities,joy
1,Public Utilities,premise
3,Public Utilities,news
1,Public Utilities,substation
1,Public Utilities,climate
2,Public Utilities,tablet
1,Public Utilities,license
1,Public Utilities,pdv
2,Public Utilities,region
1,Public Utilities,contract
1,Public Utilities,co
3,Public Utilities,supply
2,Public Utilities,battery
1,Public Utilities,overview
1,Public Utilities,vdsl
1,Public Utilities,earwear
1,Public Utilities,pon
1,Public Utilities,initiative
1,Public Utilities,carbon
1,Public Utilities,conference
1,Public Utilities,billing
1,Public Utilities,west
1,Public Utilities,maintenance
4,Public Utilities,waste
3,Public Utilities,life
1,Public Utilities,premier
8,Public Utilities,gas
1,Public Utilities,convert
4,Public Utilities,demand
2,Public Utilities,sound
1,Public Utilities,bill
2,Public Utilities,value
1,Public Utilities,batterie
1,Public Utilities,optimization
2,Public Utilities,fleet
3,Public Utilities,voice
1,Public Utilities,mexico
1,Public Utilities,ip
1,Public Utilities,calculator
3,Public Utilities,telephone
1,Public Utilities,surface
1,Public Utilities,partner
2,Public Utilities,technology
2,Public Utilities,productivity
1,Public Utilities,grant
1,Public Utilities,media
1,Public Utilities,speech
1,Public Utilities,containerized
4,Public Utilities,development
1,Public Utilities,satellite
1,Public Utilities,optic
1,Public Utilities,footprint
1,Public Utilities,cycle
1,Public Utilities,vermont
4,Public Utilities,center
1,Public Utilities,builder
1,Public Utilities,ocean
2,Public Utilities,contact
3,Public Utilities,recycling
1,Public Utilities,cdzi
1,Public Utilities,money
1,Public Utilities,photonic
1,Public Utilities,flywheel
3,Public Utilities,bandwidth
1,Public Utilities,voltage
3,Public Utilities,alternative
5,Public Utilities,speed
1,Public Utilities,wec
3,Public Utilities,generator
3,Public Utilities,application
1,Public Utilities,point
1,Public Utilities,improvement
2,Public Utilities,source
1,Public Utilities,bni
1,Public Utilities,perth
2,Public Utilities,treatment
1,Public Utilities,australia
2,Public Utilities,grid
2,Public Utilities,community
2,Public Utilities,world
1,Public Utilities,satisfaction
1,Public Utilities,greeting
2,Public Utilities,groundwater
1,Public Utilities,right
2,Public Utilities,deal
2,Public Utilities,people
1,Public Utilities,competition
7,Public Utilities,home
1,Public Utilities,transport
1,Public Utilities,scale
3,Public Utilities,broadband
2,Public Utilities,integration
1,Public Utilities,microwave
1,Public Utilities,pioneer
3,Public Utilities,market
10,Public Utilities,provider
1,Public Utilities,leader
11,Public Utilities,power
1,Public Utilities,processing
1,Public Utilities,corp
2,Public Utilities,manufacturer
1,Public Utilities,plug
1,Public Utilities,pipeline
1,Public Utilities,package
2,Public Utilities,industry
2,Public Utilities,carrier
1,Public Utilities,processor
2,Public Utilities,software
1,Public Utilities,duke
5,Public Utilities,communication
8,Public Utilities,utility
1,Public Utilities,networking
1,Public Utilities,compression
2,Public Utilities,area
1,Public Utilities,transfer
1,Public Utilities,custom
4,Public Utilities,conservation
1,Public Utilities,way
1,Public Utilities,suit
1,Public Utilities,valley
1,Public Utilities,handsfree
3,Public Utilities,offering
1,Public Utilities,offer
1,Public Utilities,delivery
2,Public Utilities,construction
1,Public Utilities,subsidiary
1,Public Utilities,ear
1,Public Utilities,homeownership
1,Public Utilities,ecosystem
2,Public Utilities,official
1,Public Utilities,up
1,Public Utilities,paging
3,Public Utilities,distribution
1,Public Utilities,expertise
1,Public Utilities,education
1,Public Utilities,inc
1,Public Utilities,floor
1,Public Utilities,corporation
1,Public Utilities,tip
2,Public Utilities,field
1,Public Utilities,trash
1,Public Utilities,outage
1,Public Utilities,update
4,Public Utilities,bundle
1,Public Utilities,restoration
1,Public Utilities,peak
1,Public Utilities,coverage
1,Public Utilities,desert
2,Public Utilities,land
1,Public Utilities,wifi
1,Public Utilities,cpe
1,Public Utilities,landfill
1,Public Utilities,portion
1,Public Utilities,time
2,Public Utilities,megawatt
1,Public Utilities,wastewater
1,Energy,oilsand
1,Energy,ron
2,Energy,focus
2,Energy,llc
3,Energy,mining
1,Energy,liquification
1,Energy,tx
1,Energy,electricity
1,Energy,mower
1,Energy,program
1,Energy,xto
2,Energy,presentation
1,Energy,division
1,Energy,premium
1,Energy,risk
1,Energy,tulsa
2,Energy,faq
1,Energy,choice
1,Energy,servicing
1,Energy,school
1,Energy,aliphatic
2,Energy,nasdaq
4,Energy,sand
1,Energy,excellence
1,Energy,depository
1,Energy,producting
1,Energy,div
1,Energy,hawk
1,Energy,methane
2,Energy,trend
1,Energy,tec
6,Energy,onshore
1,Energy,rate
3,Energy,cost
2,Energy,design
1,Energy,enhancement
2,Energy,investment
6,Energy,business
1,Energy,epumper
1,Energy,cell
1,Energy,capital
1,Energy,method
1,Energy,scada
3,Energy,transportation
1,Energy,invoicing
1,Energy,estate
3,Energy,water
1,Energy,path
1,Energy,buck
1,Energy,casing
1,Energy,talent
1,Energy,caltex
6,Energy,provider
1,Energy,guide
1,Energy,presalt
1,Energy,california
1,Energy,hercule
1,Energy,partnering
1,Energy,hydrofracking
1,Energy,motor
1,Energy,buildup
5,Energy,market
2,Energy,use
1,Energy,crewboat
1,Energy,century
8,Energy,petroleum
2,Energy,governance
1,Energy,invoices
7,Energy,asset
1,Energy,fbhp
1,Energy,today
1,Energy,hydro
1,Energy,annulu
1,Energy,diamond
31,Energy,company
1,Energy,emission
1,Energy,plant
3,Energy,fuel
1,Energy,exco
1,Energy,hole
1,Energy,customer
1,Energy,account
2,Energy,room
1,Energy,challenge
4,Energy,work
2,Energy,gasoline
3,Energy,midstream
1,Energy,drill
1,Energy,v
2,Energy,oilfield
2,Energy,control
1,Energy,tar
2,Energy,process
4,Energy,producer
1,Energy,sample
1,Energy,hydrogen
1,Energy,ic
1,Energy,rescue
2,Energy,information
1,Energy,csi
4,Energy,recovery
1,Energy,stewardship
1,Energy,switchgear
1,Energy,chemical
1,Energy,mmcf
2,Energy,answer
1,Energy,stock
2,Energy,map
8,Energy,product
1,Energy,frac
2,Energy,neighbor
1,Energy,smartgrid
1,Energy,sustainability
1,Energy,monitoring
1,Energy,coast
4,Energy,data
2,Energy,purchase
3,Energy,liquid
1,Energy,leroy
1,Energy,tetra
1,Energy,liner
4,Energy,coal
3,Energy,responsibility
1,Energy,deliquification
1,Energy,vapor
1,Energy,transporter
1,Energy,wind
1,Energy,ngsg
4,Energy,houston
2,Energy,office
1,Energy,move
3,Energy,mission
1,Energy,tti
1,Energy,biomas
1,Energy,ethic
1,Energy,style
1,Energy,group
2,Energy,crew
1,Energy,platform
18,Energy,production
1,Energy,conoco
1,Energy,return
1,Energy,refiner
1,Energy,okc
12,Energy,drilling
1,Energy,sustainably
3,Energy,investor
1,Energy,bank
1,Energy,capability
1,Energy,tubing
1,Energy,cheveron
5,Energy,development
1,Energy,hanger
19,Energy,energy
1,Energy,receipt
2,Energy,idea
6,Energy,solution
1,Energy,trading
2,Energy,subsea
1,Energy,measure
1,Energy,distributor
1,Energy,inverter
10,Energy,operation
1,Energy,ring
1,Energy,description
1,Energy,psig
1,Energy,quincy
1,Energy,liftboat
2,Energy,oklahoma
3,Energy,safety
1,Energy,issue
1,Energy,solvent
1,Energy,ajax
1,Energy,base
2,Energy,midcon
1,Energy,york
1,Energy,thrust
1,Energy,riser
3,Energy,marine
1,Energy,training
1,Energy,backside
2,Energy,flare
3,Energy,area
1,Energy,bai
1,Energy,waxe
1,Energy,rand
1,Energy,wave
1,Energy,feet
1,Energy,wash
1,Energy,array
1,Energy,city
2,Energy,management
1,Energy,jackup
18,Energy,service
1,Energy,arch
1,Energy,condensate
1,Energy,reinvestment
8,Energy,system
1,Energy,recapitalization
2,Energy,stimulation
1,Energy,cooling
2,Energy,station
2,Energy,master
1,Energy,ton
1,Energy,agility
1,Energy,shell
1,Energy,consol
2,Energy,compressor
2,Energy,part
1,Energy,sert
1,Energy,target
1,Energy,keyword
1,Energy,tree
2,Energy,board
5,Energy,project
1,Energy,future
1,Energy,venture
1,Energy,mcbride
5,Energy,acquisition
1,Energy,prospect
1,Energy,redriver
1,Energy,gathering
2,Energy,partnership
3,Energy,mine
1,Energy,akita
1,Energy,manner
1,Energy,niobrara
1,Energy,geoscience
1,Energy,marathon
1,Energy,screw
1,Energy,strength
1,Energy,gravity
3,Energy,equipment
1,Energy,emphasis
1,Energy,fracture
2,Energy,performance
1,Energy,brand
1,Energy,fcp
1,Energy,permian
1,Energy,petrol
2,Energy,price
3,Energy,shale
2,Energy,plan
1,Energy,position
1,Energy,class
1,Energy,lawn
1,Energy,waterflooding
1,Energy,mineral
4,Energy,flow
1,Energy,sale
1,Energy,formation
1,Energy,refining
1,Energy,petrolatum
1,Energy,barrel
1,Energy,leasehold
6,Energy,reserve
1,Energy,shop
1,Energy,sandridge
2,Energy,relation
5,Energy,portfolio
7,Energy,texa
1,Energy,injection
1,Energy,decade
1,Energy,staff
2,Energy,completion
1,Energy,northeast
1,Energy,reservoir
1,Energy,gulf
2,Energy,employee
1,Energy,lobo
1,Energy,dj
2,Energy,kind
2,Energy,waterflood
2,Energy,report
1,Energy,evolution
7,Energy,resource
1,Energy,chesapeake
1,Energy,banking
1,Energy,grimmerschmidt
1,Energy,river
1,Energy,steam
1,Energy,vision
2,Energy,view
1,Energy,testing
1,Energy,subsalt
1,Energy,result
1,Energy,alternative
3,Energy,hydrocarbon
1,Energy,capacity
1,Energy,wealth
1,Energy,powerhouse
1,Energy,state
5,Energy,crude
17,Energy,exploration
3,Energy,approach
1,Energy,mcf
1,Energy,jw
1,Energy,efficiency
1,Energy,job
3,Energy,news
1,Energy,c
5,Energy,career
1,Energy,country
3,Energy,region
1,Energy,contract
1,Energy,mellon
1,Energy,lousiana
1,Energy,mcfgpd
1,Energy,co
2,Energy,supply
2,Energy,overview
1,Energy,cf
4,Energy,community
1,Energy,gasjack
2,Energy,exploit
1,Energy,vessel
1,Energy,wattenberg
2,Energy,trust
1,Energy,wellbore
1,Energy,midland
2,Energy,strategy
1,Energy,naphthenic
2,Energy,interest
3,Energy,basin
1,Energy,plateau
1,Energy,website
3,Energy,life
1,Energy,premier
1,Energy,ota
39,Energy,gas
1,Energy,fund
1,Energy,demand
2,Energy,deepwater
1,Energy,multi
1,Energy,handling
1,Energy,cvx
3,Energy,cash
3,Energy,value
1,Energy,optimization
1,Energy,valeru
1,Energy,fleet
6,Energy,property
1,Energy,anchor
1,Energy,redevelopment
1,Energy,mexico
2,Energy,surface
1,Energy,coalbed
1,Energy,partner
1,Energy,uplift
8,Energy,technology
2,Energy,media
1,Energy,member
1,Energy,vjack
1,Energy,cotton
1,Energy,voyager
1,Energy,satellite
41,Energy,oil
1,Energy,rail
1,Energy,automation
2,Energy,director
1,Energy,footprint
1,Energy,sertco
3,Energy,opportunity
1,Energy,aquisition
3,Energy,center
3,Energy,well
2,Energy,contact
1,Energy,paraffinic
1,Energy,organization
1,Energy,model
1,Energy,cure
1,Energy,telemetry
1,Energy,chiller
2,Energy,executive
1,Energy,evernen
1,Energy,downhole
1,Energy,chevrontexaco
1,Energy,generator
2,Energy,field
1,Energy,percent
2,Energy,location
1,Energy,government
1,Energy,grid
10,Energy,world
1,Energy,exxon
1,Energy,cogeneration
1,Energy,hunt
2,Energy,officer
1,Energy,drainage
1,Energy,security
1,Energy,page
2,Energy,sitemap
2,Energy,geophysical
1,Energy,people
2,Energy,growth
1,Energy,home
1,Energy,decision
1,Energy,cng
2,Energy,innovation
4,Energy,leader
1,Energy,redeveloping
1,Energy,noise
6,Energy,power
1,Energy,hse
1,Energy,marketing
1,Energy,processing
2,Energy,pressure
1,Energy,leadership
2,Energy,manufacturing
1,Energy,stage
1,Energy,datacenter
1,Energy,ok
10,Energy,industry
1,Energy,range
1,Energy,horizon
1,Energy,processor
1,Energy,software
1,Energy,codell
2,Energy,alliance
1,Energy,colorado
1,Energy,lessor
1,Energy,retailer
1,Energy,weather
1,Energy,gary
3,Energy,utility
2,Energy,compression
1,Energy,hes
2,Energy,texaco
1,Energy,support
2,Energy,question
1,Energy,custom
1,Energy,towing
1,Energy,valley
1,Energy,building
2,Energy,offering
1,Energy,offer
1,Energy,hp
2,Energy,specialty
1,Energy,delivery
2,Energy,linn
1,Energy,heat
1,Energy,construction
2,Energy,line
1,Energy,pumper
1,Energy,converter
1,Energy,default
1,Energy,refueling
1,Energy,official
1,Energy,graphite
2,Energy,distribution
1,Energy,odessa
1,Energy,engine
1,Energy,gsjk
1,Energy,year
1,Energy,imagination
1,Energy,gemini
2,Energy,expertise
1,Energy,girl
1,Energy,inc
4,Energy,corporation
1,Energy,ingersall
1,Energy,fracking
1,Energy,ng
1,Energy,application
2,Energy,wellhead
1,Energy,income
1,Energy,test
1,Energy,devon
1,Energy,discharge
1,Energy,network
1,Energy,billion
1,Energy,land
2,Energy,e
1,Energy,curve
1,Energy,eor
1,Energy,time
1,Energy,wastewater
1,Health Care,influenza
1,Health Care,focus
1,Health Care,oxycodone
1,Health Care,skin
1,Health Care,integrity
1,Health Care,children
1,Health Care,niacin
1,Health Care,technique
1,Health Care,aaron
2,Health Care,program
1,Health Care,dickinson
11,Health Care,health
1,Health Care,becton
1,Health Care,degeneration
2,Health Care,innovation
1,Health Care,difference
1,Health Care,condition
1,Health Care,sovaprevir
1,Health Care,michael
2,Health Care,solution
1,Health Care,swabbable
2,Health Care,injectable
1,Health Care,obesity
1,Health Care,peramivir
1,Health Care,cord
1,Health Care,revolution
1,Health Care,antibiotic
1,Health Care,antigen
1,Health Care,biology
1,Health Care,sign
3,Health Care,design
1,Health Care,crystallography
1,Health Care,port
1,Health Care,filtration
1,Health Care,filler
1,Health Care,anthem
1,Health Care,bovie
1,Health Care,hematologic
3,Health Care,cell
1,Health Care,nurse
1,Health Care,body
1,Health Care,electroporation
1,Health Care,meg
2,Health Care,leg
1,Health Care,men
1,Health Care,component
1,Health Care,cryopreservation
1,Health Care,water
1,Health Care,adcare
3,Health Care,protection
2,Health Care,healing
2,Health Care,standard
1,Health Care,substance
1,Health Care,compliance
1,Health Care,dosage
2,Health Care,trial
3,Health Care,gene
1,Health Care,reprocessing
2,Health Care,family
6,Health Care,market
1,Health Care,transplant
2,Health Care,eye
1,Health Care,usa
3,Health Care,hospital
1,Health Care,guideline
1,Health Care,retinopathy
3,Health Care,live
3,Health Care,stage
24,Health Care,company
1,Health Care,bcrx
1,Health Care,outpatient
2,Health Care,infection
1,Health Care,stethoscope
1,Health Care,adult
1,Health Care,nembutal
1,Health Care,women
3,Health Care,science
1,Health Care,flu
3,Health Care,tissue
1,Health Care,barbituate
1,Health Care,drill
3,Health Care,inhibitor
1,Health Care,rehabilitation
1,Health Care,proof
1,Health Care,control
3,Health Care,heart
1,Health Care,nursing
1,Health Care,agent
1,Health Care,hydrogel
3,Health Care,information
1,Health Care,monitoring
1,Health Care,dialysis
1,Health Care,stewardship
1,Health Care,chemical
1,Health Care,furnace
1,Health Care,illness
1,Health Care,stock
19,Health Care,product
1,Health Care,philosophy
1,Health Care,accessory
1,Health Care,polymerase
1,Health Care,catalog
1,Health Care,blood
1,Health Care,atherectomy
1,Health Care,csi
1,Health Care,data
1,Health Care,ablation
1,Health Care,counter
1,Health Care,sclerosis
1,Health Care,biomarker
1,Health Care,purification
1,Health Care,sorafenib
6,Health Care,healthcare
1,Health Care,chimeric
1,Health Care,immunotherapie
1,Health Care,carcinoma
3,Health Care,oncology
1,Health Care,producer
1,Health Care,webpage
1,Health Care,wound
3,Health Care,mission
1,Health Care,collagenase
2,Health Care,pharma
1,Health Care,sodium
3,Health Care,facility
1,Health Care,platform
1,Health Care,vikuiti
1,Health Care,return
2,Health Care,combination
1,Health Care,material
1,Health Care,nation
1,Health Care,hypoxia
13,Health Care,therapy
1,Health Care,compound
1,Health Care,inception
1,Health Care,term
1,Health Care,organ
2,Health Care,receptor
1,Health Care,clamp
1,Health Care,malfunction
1,Health Care,globe
1,Health Care,baypharma
1,Health Care,turnkey
1,Health Care,year
1,Health Care,laboratory
1,Health Care,operation
1,Health Care,bay
2,Health Care,event
1,Health Care,special
1,Health Care,triazolam
1,Health Care,robert
1,Health Care,valve
1,Health Care,rx
6,Health Care,research
2,Health Care,safety
4,Health Care,medicine
1,Health Care,biosimilar
1,Health Care,million
3,Health Care,diagnostic
2,Health Care,management
1,Health Care,imaging
10,Health Care,care
1,Health Care,surgicenter
1,Health Care,transition
1,Health Care,filter
1,Health Care,stride
1,Health Care,specialitie
1,Health Care,littmann
1,Health Care,researcher
1,Health Care,one
1,Health Care,custom
3,Health Care,quality
1,Health Care,gulfport
8,Health Care,service
3,Health Care,system
1,Health Care,plastic
2,Health Care,intermediate
1,Health Care,akten
1,Health Care,pnp
1,Health Care,progenitors
1,Health Care,institution
1,Health Care,sourcing
1,Health Care,phosphorylase
1,Health Care,forodesine
1,Health Care,outcome
1,Health Care,phobia
1,Health Care,san
1,Health Care,atrion
1,Health Care,spectrum
1,Health Care,inpatient
2,Health Care,need
1,Health Care,opthalmic
1,Health Care,border
2,Health Care,acid
1,Health Care,form
1,Health Care,agency
1,Health Care,mechanism
2,Health Care,equipment
3,Health Care,pain
2,Health Care,molecule
1,Health Care,virus
1,Health Care,shareholder
2,Health Care,plan
7,Health Care,device
1,Health Care,nucleotide
2,Health Care,addiction
1,Health Care,reimbursement
1,Health Care,m
9,Health Care,disease
1,Health Care,mri
1,Health Care,enterprise
1,Health Care,assistance
1,Health Care,shot
1,Health Care,certification
1,Health Care,sterilant
1,Health Care,cirrhotic
1,Health Care,planning
1,Health Care,relation
1,Health Care,fear
1,Health Care,injection
1,Health Care,staff
1,Health Care,access
1,Health Care,actavi
1,Health Care,kinase
1,Health Care,employer
1,Health Care,enzyme
1,Health Care,alexion
2,Health Care,factor
1,Health Care,employee
1,Health Care,hope
1,Health Care,biopsy
1,Health Care,fluid
1,Health Care,beam
1,Health Care,ophthalmology
1,Health Care,caregiving
1,Health Care,inducible
1,Health Care,resource
1,Health Care,continuum
1,Health Care,combiplex
3,Health Care,commercialization
1,Health Care,scotchguard
1,Health Care,view
1,Health Care,gout
1,Health Care,set
1,Health Care,testing
1,Health Care,startup
1,Health Care,niche
4,Health Care,individual
1,Health Care,angioedema
2,Health Care,surgery
1,Health Care,electrode
1,Health Care,homecare
1,Health Care,diode
1,Health Care,label
1,Health Care,nucleoside
1,Health Care,approach
3,Health Care,discovery
1,Health Care,breakaway
1,Health Care,infrastructure
1,Health Care,ocelo
1,Health Care,complement
1,Health Care,contamination
1,Health Care,news
1,Health Care,scotchgard
1,Health Care,monitor
1,Health Care,ulodesine
1,Health Care,prescription
2,Health Care,candidate
1,Health Care,electrosurgery
1,Health Care,career
1,Health Care,country
1,Health Care,region
6,Health Care,drug
1,Health Care,ahnesthetic
10,Health Care,cancer
1,Health Care,point
3,Health Care,community
1,Health Care,packaging
1,Health Care,biopreservation
1,Health Care,thinsulate
1,Health Care,ct
1,Health Care,source
1,Health Care,west
1,Health Care,conceptualization
1,Health Care,reduction
1,Health Care,needleles
1,Health Care,litman
1,Health Care,rimiducid
3,Health Care,life
1,Health Care,scotchlite
1,Health Care,diamondback
1,Health Care,otc
1,Health Care,precision
1,Health Care,angler
2,Health Care,physician
7,Health Care,novel
1,Health Care,laser
1,Health Care,n
1,Health Care,calcium
1,Health Care,aldara
1,Health Care,inventment
1,Health Care,vest
1,Health Care,resident
1,Health Care,inflatable
1,Health Care,coating
1,Health Care,site
1,Health Care,pharm
2,Health Care,contract
1,Health Care,transmucosal
1,Health Care,fibrillation
1,Health Care,protein
9,Health Care,technology
1,Health Care,erlotinib
1,Health Care,celator
2,Health Care,generic
1,Health Care,media
1,Health Care,balloon
1,Health Care,molding
1,Health Care,radiation
1,Health Care,surveillance
1,Health Care,reprogramming
1,Health Care,pad
1,Health Care,filtrete
1,Health Care,purestem
7,Health Care,development
1,Health Care,cel
1,Health Care,http
1,Health Care,hyaluronate
1,Health Care,neuraminidase
2,Health Care,catheter
1,Health Care,opportunity
1,Health Care,diabetes
1,Health Care,analysis
1,Health Care,edge
1,Health Care,prevention
1,Health Care,edema
1,Health Care,alternative
1,Health Care,diuril
1,Health Care,announcement
1,Health Care,macular
1,Health Care,atrial
1,Health Care,generator
1,Health Care,ingredient
3,Health Care,supply
1,Health Care,woodlawn
1,Health Care,instrument
9,Health Care,treatment
1,Health Care,cogentin
1,Health Care,bio
1,Health Care,lacricath
1,Health Care,government
1,Health Care,stockpiling
1,Health Care,quest
1,Health Care,epidemic
3,Health Care,world
1,Health Care,viadel
1,Health Care,benefit
5,Health Care,disorder
8,Health Care,therapeutic
1,Health Care,opioid
1,Health Care,right
1,Health Care,sponge
1,Health Care,dermatology
3,Health Care,home
1,Health Care,litmann
1,Health Care,baudette
1,Health Care,pet
2,Health Care,hepatitis
2,Health Care,pioneer
4,Health Care,provider
1,Health Care,epic
3,Health Care,leader
1,Health Care,ophthalmologic
1,Health Care,halkey
17,Health Care,patient
2,Health Care,business
2,Health Care,marketing
1,Health Care,discount
1,Health Care,cone
1,Health Care,plc
6,Health Care,manufacturing
1,Health Care,optimize
1,Health Care,vaccine
1,Health Care,manufacturer
1,Health Care,pipeline
1,Health Care,lifestyle
1,Health Care,housekeeping
4,Health Care,industry
1,Health Care,ach
1,Health Care,tumor
1,Health Care,medicare
2,Health Care,biologic
1,Health Care,block
1,Health Care,software
1,Health Care,repair
1,Health Care,disinfectant
1,Health Care,alliance
1,Health Care,protease
1,Health Care,hypothermic
1,Health Care,antidote
1,Health Care,elasticity
1,Health Care,lung
1,Health Care,alxn
1,Health Care,hospice
1,Health Care,vikuity
1,Health Care,purine
6,Health Care,pharmaceutical
1,Health Care,radiology
2,Health Care,area
1,Health Care,segment
1,Health Care,support
2,Health Care,immunotherapy
1,Health Care,fight
1,Health Care,tyrosine
1,Health Care,function
1,Health Care,offering
2,Health Care,offer
1,Health Care,brand
7,Health Care,specialty
1,Health Care,nutraceutical
4,Health Care,delivery
2,Health Care,line
1,Health Care,regimen
1,Health Care,injury
1,Health Care,limit
1,Health Care,distribution
1,Health Care,medication
1,Health Care,engineering
1,Health Care,cure
1,Health Care,formulation
2,Health Care,anesthesia
1,Health Care,uric
1,Health Care,variety
1,Health Care,storage
2,Health Care,insurance
1,Health Care,application
1,Health Care,test
1,Health Care,littman
1,Health Care,picture
1,Health Care,francisco
1,Health Care,lubricate
1,Health Care,luer
1,Health Care,oximeter
1,Health Care,detox
1,Health Care,structure
1,Health Care,age
1,Health Care,bcx
2,Health Care,biotechnology
1,Consumer Services,ameditie
1,Consumer Services,elvi
1,Consumer Services,manager
1,Consumer Services,elution
1,Consumer Services,dish
1,Consumer Services,children
3,Consumer Services,apartment
1,Consumer Services,hunting
1,Consumer Services,tv
1,Consumer Services,smartxchange
1,Consumer Services,pride
1,Consumer Services,ingredient
1,Consumer Services,hormone
1,Consumer Services,outerwear
1,Consumer Services,advantage
1,Consumer Services,simmon
1,Consumer Services,tacos
1,Consumer Services,etenant
1,Consumer Services,minute
1,Consumer Services,margarita
1,Consumer Services,salad
4,Consumer Services,cable
1,Consumer Services,level
7,Consumer Services,solution
1,Consumer Services,team
1,Consumer Services,guy
1,Consumer Services,round
1,Consumer Services,olympic
1,Consumer Services,tee
3,Consumer Services,design
1,Consumer Services,earth
1,Consumer Services,n
8,Consumer Services,investment
1,Consumer Services,index
1,Consumer Services,power
2,Consumer Services,anniversary
1,Consumer Services,uniform
2,Consumer Services,access
2,Consumer Services,capital
2,Consumer Services,nacho
1,Consumer Services,transportation
1,Consumer Services,degree
2,Consumer Services,men
1,Consumer Services,water
1,Consumer Services,bachelor
1,Consumer Services,protection
1,Consumer Services,studio
1,Consumer Services,sophistication
1,Consumer Services,mex
1,Consumer Services,search
1,Consumer Services,k
1,Consumer Services,airport
1,Consumer Services,leadership
1,Consumer Services,advertising
1,Consumer Services,action
1,Consumer Services,hospitality
1,Consumer Services,kidk
2,Consumer Services,love
1,Consumer Services,guacamole
1,Consumer Services,licensing
1,Consumer Services,crime
1,Consumer Services,gateway
5,Consumer Services,market
1,Consumer Services,projector
2,Consumer Services,sweater
1,Consumer Services,mexico
1,Consumer Services,pearl
1,Consumer Services,amenities
1,Consumer Services,asset
1,Consumer Services,fragrance
1,Consumer Services,memory
4,Consumer Services,today
2,Consumer Services,diamond
1,Consumer Services,door
1,Consumer Services,aisle
5,Consumer Services,company
1,Consumer Services,curriculum
1,Consumer Services,trail
1,Consumer Services,zapp
2,Consumer Services,adult
1,Consumer Services,baby
1,Consumer Services,women
1,Consumer Services,customer
1,Consumer Services,grill
1,Consumer Services,hour
1,Consumer Services,science
2,Consumer Services,work
1,Consumer Services,florist
1,Consumer Services,mall
1,Consumer Services,biscuit
1,Consumer Services,pawn
1,Consumer Services,process
1,Consumer Services,household
1,Consumer Services,fulfillment
5,Consumer Services,clothing
4,Consumer Services,information
2,Consumer Services,arbor
1,Consumer Services,goal
2,Consumer Services,dress
2,Consumer Services,feature
1,Consumer Services,animal
1,Consumer Services,answer
1,Consumer Services,pizza
5,Consumer Services,product
1,Consumer Services,designer
1,Consumer Services,beauty
1,Consumer Services,chlli
1,Consumer Services,notebook
2,Consumer Services,debt
2,Consumer Services,salsa
1,Consumer Services,choice
1,Consumer Services,data
1,Consumer Services,engineering
1,Consumer Services,rental
1,Consumer Services,workstation
1,Consumer Services,housewares
1,Consumer Services,jail
1,Consumer Services,necklace
1,Consumer Services,order
1,Consumer Services,houston
2,Consumer Services,mexican
3,Consumer Services,office
1,Consumer Services,pant
1,Consumer Services,telecom
1,Consumer Services,presence
1,Consumer Services,skirt
1,Consumer Services,developer
3,Consumer Services,style
1,Consumer Services,monitor
1,Consumer Services,fullfillment
1,Consumer Services,franchising
1,Consumer Services,handheld
1,Consumer Services,mattress
1,Consumer Services,voip
1,Consumer Services,sauce
1,Consumer Services,artisanal
1,Consumer Services,good
1,Consumer Services,return
1,Consumer Services,yo
5,Consumer Services,food
1,Consumer Services,auto
1,Consumer Services,practice
1,Consumer Services,band
1,Consumer Services,hamilton
1,Consumer Services,bar
3,Consumer Services,investor
1,Consumer Services,silver
1,Consumer Services,bank
1,Consumer Services,bread
2,Consumer Services,name
1,Consumer Services,relleno
1,Consumer Services,earring
1,Consumer Services,drop
1,Consumer Services,barton
1,Consumer Services,rock
1,Consumer Services,bdnreit
1,Consumer Services,house
1,Consumer Services,energy
1,Consumer Services,stockholder
1,Consumer Services,lan
1,Consumer Services,insulation
1,Consumer Services,sandwich
1,Consumer Services,klumb
2,Consumer Services,magazine
1,Consumer Services,operation
1,Consumer Services,amusement
1,Consumer Services,flower
1,Consumer Services,network
1,Consumer Services,entertainment
3,Consumer Services,quality
1,Consumer Services,robert
1,Consumer Services,research
1,Consumer Services,content
1,Consumer Services,dsl
1,Consumer Services,mdlx
2,Consumer Services,safety
1,Consumer Services,internet
1,Consumer Services,print
1,Consumer Services,surprise
1,Consumer Services,math
1,Consumer Services,bridgepoint
1,Consumer Services,fiber
1,Consumer Services,bww
1,Consumer Services,million
1,Consumer Services,york
1,Consumer Services,hoodie
5,Consumer Services,accessory
1,Consumer Services,princess
1,Consumer Services,card
1,Consumer Services,care
1,Consumer Services,advance
2,Consumer Services,tortilla
1,Consumer Services,language
1,Consumer Services,gourmet
1,Consumer Services,birthday
1,Consumer Services,footwear
1,Consumer Services,signature
1,Consumer Services,austin
1,Consumer Services,number
5,Consumer Services,price
1,Consumer Services,fullosophy
1,Consumer Services,plano
2,Consumer Services,owner
1,Consumer Services,art
1,Consumer Services,ring
1,Consumer Services,barbacoa
3,Consumer Services,electronic
1,Consumer Services,size
1,Consumer Services,townhome
1,Consumer Services,beary
5,Consumer Services,management
10,Consumer Services,service
1,Consumer Services,festival
1,Consumer Services,arlington
2,Consumer Services,top
1,Consumer Services,engagement
1,Consumer Services,system
1,Consumer Services,teacher
1,Consumer Services,master
1,Consumer Services,stock
1,Consumer Services,john
4,Consumer Services,store
3,Consumer Services,lease
1,Consumer Services,nutrition
1,Consumer Services,hangout
1,Consumer Services,stomach
1,Consumer Services,season
2,Consumer Services,tool
2,Consumer Services,hotel
1,Consumer Services,park
1,Consumer Services,part
1,Consumer Services,institution
1,Consumer Services,chuychanga
2,Consumer Services,financing
1,Consumer Services,b
1,Consumer Services,keyword
1,Consumer Services,defense
1,Consumer Services,video
1,Consumer Services,doctorate
1,Consumer Services,martini
1,Consumer Services,acquisition
1,Consumer Services,fashion
1,Consumer Services,san
1,Consumer Services,laidback
1,Consumer Services,correction
1,Consumer Services,partnership
1,Consumer Services,mind
2,Consumer Services,steak
3,Consumer Services,rent
1,Consumer Services,need
1,Consumer Services,allen
2,Consumer Services,car
1,Consumer Services,curbside
1,Consumer Services,unprocessed
1,Consumer Services,hotspot
1,Consumer Services,port
1,Consumer Services,dining
1,Consumer Services,hatch
2,Consumer Services,objective
2,Consumer Services,performance
1,Consumer Services,taggant
1,Consumer Services,fresca
1,Consumer Services,printer
1,Consumer Services,aspen
1,Consumer Services,csmg
1,Consumer Services,mother
1,Consumer Services,basket
1,Consumer Services,plan
2,Consumer Services,device
1,Consumer Services,coin
1,Consumer Services,segment
1,Consumer Services,class
1,Consumer Services,colocation
1,Consumer Services,flow
2,Consumer Services,drive
1,Consumer Services,wing
1,Consumer Services,occasion
1,Consumer Services,consumer
4,Consumer Services,shop
1,Consumer Services,atmosphere
2,Consumer Services,selection
1,Consumer Services,gold
3,Consumer Services,shoe
1,Consumer Services,bedroom
1,Consumer Services,portfolio
2,Consumer Services,chicken
1,Consumer Services,texa
1,Consumer Services,trot
1,Consumer Services,richmond
1,Consumer Services,upgrade
3,Consumer Services,menu
1,Consumer Services,guidance
1,Consumer Services,analyst
1,Consumer Services,money
1,Consumer Services,aprtment
1,Consumer Services,rice
1,Consumer Services,michigan
2,Consumer Services,watch
1,Consumer Services,television
1,Consumer Services,christopher
1,Consumer Services,wedding
1,Consumer Services,merchandise
1,Consumer Services,gel
2,Consumer Services,resource
1,Consumer Services,leather
1,Consumer Services,fixin
1,Consumer Services,architecture
1,Consumer Services,logistic
1,Consumer Services,cufflinks
1,Consumer Services,river
1,Consumer Services,bah
1,Consumer Services,view
2,Consumer Services,leasing
1,Consumer Services,intelligence
3,Consumer Services,computer
1,Consumer Services,result
1,Consumer Services,opportunistically
1,Consumer Services,sport
4,Consumer Services,mortgage
1,Consumer Services,review
1,Consumer Services,cavelti
1,Consumer Services,outsourcing
1,Consumer Services,mug
1,Consumer Services,gemstone
1,Consumer Services,rita
1,Consumer Services,lamar
1,Consumer Services,dalla
2,Consumer Services,parent
1,Consumer Services,franchise
1,Consumer Services,jeweller
1,Consumer Services,configuration
4,Consumer Services,restaurant
1,Consumer Services,career
1,Consumer Services,country
1,Consumer Services,workplace
1,Consumer Services,macwarehouse
1,Consumer Services,rose
1,Consumer Services,pda
1,Consumer Services,cj
1,Consumer Services,supply
1,Consumer Services,toni
3,Consumer Services,loan
3,Consumer Services,jeans
1,Consumer Services,community
1,Consumer Services,tennessee
1,Consumer Services,tmng
1,Consumer Services,ranchero
9,Consumer Services,trust
1,Consumer Services,condo
1,Consumer Services,carnita
1,Consumer Services,beef
1,Consumer Services,source
3,Consumer Services,strategy
1,Consumer Services,pc
1,Consumer Services,beer
1,Consumer Services,stadium
1,Consumer Services,location
2,Consumer Services,firm
1,Consumer Services,mike
3,Consumer Services,shopping
1,Consumer Services,fire
1,Consumer Services,centerpiece
1,Consumer Services,chile
1,Consumer Services,child
1,Consumer Services,atlanta
1,Consumer Services,maggiano
1,Consumer Services,laser
1,Consumer Services,cash
1,Consumer Services,value
1,Consumer Services,resturant
2,Consumer Services,fun
5,Consumer Services,property
1,Consumer Services,guide
1,Consumer Services,century
2,Consumer Services,hardware
1,Consumer Services,telephony
7,Consumer Services,technology
1,Consumer Services,cafe
2,Consumer Services,shirt
2,Consumer Services,media
1,Consumer Services,authentication
2,Consumer Services,inventory
1,Consumer Services,vegetable
2,Consumer Services,day
1,Consumer Services,development
1,Consumer Services,satellite
1,Consumer Services,student
2,Consumer Services,opportunity
2,Consumer Services,kid
2,Consumer Services,burrito
3,Consumer Services,center
1,Consumer Services,markup
1,Consumer Services,antonio
1,Consumer Services,client
1,Consumer Services,jersey
11,Consumer Services,estate
1,Consumer Services,organization
1,Consumer Services,modem
1,Consumer Services,sourced
1,Consumer Services,boot
1,Consumer Services,laptop
1,Consumer Services,executive
1,Consumer Services,amp
1,Consumer Services,speed
1,Consumer Services,cilantro
1,Consumer Services,microwarehouse
1,Consumer Services,twilight
1,Consumer Services,desktop
1,Consumer Services,lender
1,Consumer Services,amorique
1,Consumer Services,board
1,Consumer Services,prison
1,Consumer Services,input
1,Consumer Services,locator
2,Consumer Services,government
1,Consumer Services,selma
1,Consumer Services,virginia
1,Consumer Services,lcd
1,Consumer Services,cedar
4,Consumer Services,world
1,Consumer Services,execution
3,Consumer Services,furniture
4,Consumer Services,gift
1,Consumer Services,bpi
1,Consumer Services,bracelet
1,Consumer Services,server
1,Consumer Services,chamber
2,Consumer Services,t
5,Consumer Services,security
1,Consumer Services,page
1,Consumer Services,right
1,Consumer Services,parade
3,Consumer Services,deal
1,Consumer Services,people
1,Consumer Services,spring
1,Consumer Services,privatization
1,Consumer Services,billboard
6,Consumer Services,home
1,Consumer Services,lightning
1,Consumer Services,employment
3,Consumer Services,jewelry
1,Consumer Services,broadband
1,Consumer Services,integration
1,Consumer Services,everything
2,Consumer Services,provider
1,Consumer Services,foo
2,Consumer Services,leader
1,Consumer Services,core
1,Consumer Services,pepper
10,Consumer Services,business
1,Consumer Services,bw
1,Consumer Services,santa
1,Consumer Services,pasta
1,Consumer Services,wader
1,Consumer Services,anything
1,Consumer Services,face
6,Consumer Services,industry
1,Consumer Services,bojangle
2,Consumer Services,range
1,Consumer Services,road
2,Consumer Services,software
1,Consumer Services,flatbread
1,Consumer Services,repair
2,Consumer Services,consulting
2,Consumer Services,facility
1,Consumer Services,communication
1,Consumer Services,retailer
1,Consumer Services,handbag
1,Consumer Services,strip
1,Consumer Services,networking
1,Consumer Services,jewellery
1,Consumer Services,area
1,Consumer Services,support
1,Consumer Services,sock
2,Consumer Services,custom
1,Consumer Services,way
1,Consumer Services,music
1,Consumer Services,offering
1,Consumer Services,poster
3,Consumer Services,brand
1,Consumer Services,vehicle
1,Consumer Services,delivery
1,Consumer Services,construction
1,Consumer Services,junior
1,Consumer Services,fort
2,Consumer Services,appliance
1,Consumer Services,multiservice
1,Consumer Services,meta
1,Consumer Services,toner
1,Consumer Services,distribution
1,Consumer Services,website
1,Consumer Services,scanner
1,Consumer Services,request
1,Consumer Services,tshirt
1,Consumer Services,expertise
1,Consumer Services,education
1,Consumer Services,girl
1,Consumer Services,law
1,Consumer Services,booz
1,Consumer Services,floor
1,Consumer Services,corporation
1,Consumer Services,peace
1,Consumer Services,oak
1,Consumer Services,rubber
1,Consumer Services,application
1,Consumer Services,book
2,Consumer Services,warehouse
2,Consumer Services,jeweler
1,Consumer Services,kvm
1,Consumer Services,shenandoah
1,Consumer Services,hwy
1,Consumer Services,structure
2,Consumer Services,building
1,Consumer Services,phone
1,Consumer Services,baker
3,Consumer Services,apparel
1,Consumer Services,buffalo
1,Basic Industries,mineralization
1,Basic Industries,degradable
1,Basic Industries,rod
1,Basic Industries,focus
1,Basic Industries,debris
1,Basic Industries,zinc
1,Basic Industries,fluorination
1,Basic Industries,mercer
1,Basic Industries,trolley
1,Basic Industries,bioplastic
1,Basic Industries,duratran
1,Basic Industries,sulfate
1,Basic Industries,environment
2,Basic Industries,program
1,Basic Industries,stationery
1,Basic Industries,health
1,Basic Industries,sc
1,Basic Industries,ingredient
1,Basic Industries,town
1,Basic Industries,ceramic
1,Basic Industries,premium
1,Basic Industries,advantage
2,Basic Industries,blanket
1,Basic Industries,premask
2,Basic Industries,microbe
1,Basic Industries,recreation
2,Basic Industries,transmission
10,Basic Industries,solution
2,Basic Industries,excellence
1,Basic Industries,agchem
1,Basic Industries,team
1,Basic Industries,force
1,Basic Industries,crop
1,Basic Industries,synergy
1,Basic Industries,biomaterial
2,Basic Industries,cost
2,Basic Industries,design
1,Basic Industries,forging
1,Basic Industries,acid
1,Basic Industries,panda
2,Basic Industries,power
1,Basic Industries,tambour
1,Basic Industries,cell
3,Basic Industries,printing
1,Basic Industries,capital
4,Basic Industries,supplier
1,Basic Industries,marketer
1,Basic Industries,processing
3,Basic Industries,transportation
2,Basic Industries,component
4,Basic Industries,water
3,Basic Industries,protection
1,Basic Industries,ethanol
1,Basic Industries,cargill
1,Basic Industries,disposal
1,Basic Industries,cesium
1,Basic Industries,succinate
1,Basic Industries,sewer
1,Basic Industries,family
1,Basic Industries,treatment
1,Basic Industries,letterhead
12,Basic Industries,market
1,Basic Industries,monetization
4,Basic Industries,use
5,Basic Industries,additive
1,Basic Industries,switchyard
1,Basic Industries,smelter
1,Basic Industries,petroleum
1,Basic Industries,live
1,Basic Industries,asset
1,Basic Industries,fragrance
1,Basic Industries,graphene
1,Basic Industries,diamond
1,Basic Industries,door
30,Basic Industries,company
2,Basic Industries,envelope
2,Basic Industries,glass
1,Basic Industries,mitsubishi
1,Basic Industries,women
5,Basic Industries,customer
1,Basic Industries,waterfront
1,Basic Industries,tunnel
1,Basic Industries,car
2,Basic Industries,work
1,Basic Industries,roof
1,Basic Industries,flagship
1,Basic Industries,oxide
1,Basic Industries,nebraska
1,Basic Industries,drill
1,Basic Industries,oilfield
2,Basic Industries,control
1,Basic Industries,tap
1,Basic Industries,estate
1,Basic Industries,surfactant
2,Basic Industries,process
1,Basic Industries,household
1,Basic Industries,titanium
1,Basic Industries,tag
1,Basic Industries,pond
1,Basic Industries,impregnation
1,Basic Industries,hydrogen
1,Basic Industries,texoprint
1,Basic Industries,information
1,Basic Industries,monoxide
2,Basic Industries,demolition
12,Basic Industries,chemical
1,Basic Industries,louisville
1,Basic Industries,forest
1,Basic Industries,christensen
4,Basic Industries,stock
1,Basic Industries,profile
1,Basic Industries,abrasive
21,Basic Industries,product
1,Basic Industries,designer
1,Basic Industries,farm
1,Basic Industries,spot
1,Basic Industries,collection
3,Basic Industries,sustainability
1,Basic Industries,cadmium
1,Basic Industries,portfolio
1,Basic Industries,mag
1,Basic Industries,curative
1,Basic Industries,carbonles
2,Basic Industries,response
1,Basic Industries,rolloff
1,Basic Industries,purchase
2,Basic Industries,commodity
1,Basic Industries,laminate
1,Basic Industries,kimlon
1,Basic Industries,healthcare
1,Basic Industries,plumbing
1,Basic Industries,patio
9,Basic Industries,producer
4,Basic Industries,paper
1,Basic Industries,biomas
2,Basic Industries,nitrogen
1,Basic Industries,developer
2,Basic Industries,adhesive
1,Basic Industries,mitsui
1,Basic Industries,sodium
2,Basic Industries,platform
4,Basic Industries,production
1,Basic Industries,lp
1,Basic Industries,farmer
1,Basic Industries,animal
1,Basic Industries,succinic
3,Basic Industries,food
11,Basic Industries,material
1,Basic Industries,nation
1,Basic Industries,homebuilder
2,Basic Industries,drilling
2,Basic Industries,compound
1,Basic Industries,front
2,Basic Industries,bar
1,Basic Industries,investor
4,Basic Industries,silver
1,Basic Industries,term
3,Basic Industries,aluminum
1,Basic Industries,oxygen
1,Basic Industries,cannabi
1,Basic Industries,capability
1,Basic Industries,piping
1,Basic Industries,bullion
1,Basic Industries,tubing
2,Basic Industries,generation
11,Basic Industries,energy
1,Basic Industries,owner
1,Basic Industries,trading
2,Basic Industries,year
2,Basic Industries,distributor
1,Basic Industries,laboratory
1,Basic Industries,operation
3,Basic Industries,agriculture
1,Basic Industries,canada
1,Basic Industries,network
7,Basic Industries,quality
1,Basic Industries,research
1,Basic Industries,increase
1,Basic Industries,safety
1,Basic Industries,reforestation
1,Basic Industries,dioxide
1,Basic Industries,print
1,Basic Industries,evaluation
1,Basic Industries,eagle
2,Basic Industries,fiber
1,Basic Industries,telecommunication
1,Basic Industries,watermark
1,Basic Industries,amines
1,Basic Industries,ferrou
1,Basic Industries,backer
1,Basic Industries,base
1,Basic Industries,techni
1,Basic Industries,intermediate
1,Basic Industries,buckskin
2,Basic Industries,ore
1,Basic Industries,metallica
1,Basic Industries,care
1,Basic Industries,corrosion
1,Basic Industries,district
1,Basic Industries,spill
1,Basic Industries,alkyl
1,Basic Industries,steward
1,Basic Industries,thing
2,Basic Industries,machining
1,Basic Industries,place
1,Basic Industries,feed
2,Basic Industries,copper
3,Basic Industries,grade
1,Basic Industries,price
1,Basic Industries,footprint
1,Basic Industries,insulation
1,Basic Industries,art
2,Basic Industries,electronic
1,Basic Industries,maple
1,Basic Industries,engineer
4,Basic Industries,management
1,Basic Industries,publication
12,Basic Industries,service
4,Basic Industries,system
2,Basic Industries,plastic
1,Basic Industries,paint
1,Basic Industries,backhaul
1,Basic Industries,storm
2,Basic Industries,lab
2,Basic Industries,nutrition
9,Basic Industries,mining
2,Basic Industries,option
1,Basic Industries,selector
1,Basic Industries,argon
1,Basic Industries,part
1,Basic Industries,population
5,Basic Industries,steel
1,Basic Industries,hobbyist
1,Basic Industries,financing
1,Basic Industries,target
1,Basic Industries,constructio
1,Basic Industries,future
1,Basic Industries,magnesium
2,Basic Industries,venture
1,Basic Industries,bridge
1,Basic Industries,half
1,Basic Industries,partnership
6,Basic Industries,mine
1,Basic Industries,dozen
1,Basic Industries,offering
2,Basic Industries,equipment
1,Basic Industries,bonanza
1,Basic Industries,objective
4,Basic Industries,performance
1,Basic Industries,inliner
1,Basic Industries,fastner
2,Basic Industries,alloy
1,Basic Industries,consignment
1,Basic Industries,antimonial
1,Basic Industries,entry
1,Basic Industries,drought
2,Basic Industries,america
2,Basic Industries,segment
1,Basic Industries,class
1,Basic Industries,latex
1,Basic Industries,omaha
8,Basic Industries,metal
2,Basic Industries,sale
1,Basic Industries,pipe
1,Basic Industries,tech
1,Basic Industries,compactor
1,Basic Industries,refining
1,Basic Industries,physics
1,Basic Industries,filing
2,Basic Industries,sector
1,Basic Industries,shot
10,Basic Industries,gold
1,Basic Industries,evaporation
1,Basic Industries,brine
1,Basic Industries,relation
1,Basic Industries,corner
1,Basic Industries,nevada
1,Basic Industries,feedstock
1,Basic Industries,reservoir
1,Basic Industries,masterbatche
1,Basic Industries,mug
1,Basic Industries,enzyme
2,Basic Industries,wood
1,Basic Industries,tape
1,Basic Industries,money
4,Basic Industries,fuel
1,Basic Industries,hope
1,Basic Industries,mixture
1,Basic Industries,polyurethane
1,Basic Industries,waterproof
1,Basic Industries,biodiesel
1,Basic Industries,geo
4,Basic Industries,resource
2,Basic Industries,molybdenum
1,Basic Industries,sealants
1,Basic Industries,dupont
1,Basic Industries,logistic
1,Basic Industries,activity
1,Basic Industries,release
1,Basic Industries,fertility
1,Basic Industries,prepolymer
1,Basic Industries,leasing
1,Basic Industries,heirloom
1,Basic Industries,colorant
1,Basic Industries,defense
1,Basic Industries,sec
1,Basic Industries,audits
1,Basic Industries,flavor
1,Basic Industries,innovator
1,Basic Industries,preparation
1,Basic Industries,wire
1,Basic Industries,capacity
2,Basic Industries,biofuel
1,Basic Industries,expert
2,Basic Industries,scrap
1,Basic Industries,label
1,Basic Industries,state
1,Basic Industries,conductive
1,Basic Industries,approach
5,Basic Industries,infrastructure
1,Basic Industries,iron
1,Basic Industries,parent
2,Basic Industries,science
1,Basic Industries,duraform
1,Basic Industries,efficiency
1,Basic Industries,news
1,Basic Industries,kitchen
2,Basic Industries,substation
1,Basic Industries,reaction
1,Basic Industries,installation
1,Basic Industries,country
1,Basic Industries,elastomer
3,Basic Industries,supply
1,Basic Industries,wall
4,Basic Industries,recycling
1,Basic Industries,cabinetry
1,Basic Industries,lake
2,Basic Industries,packaging
5,Basic Industries,carbon
1,Basic Industries,platinum
1,Basic Industries,bathroom
1,Basic Industries,teammate
2,Basic Industries,publishing
1,Basic Industries,suppressant
1,Basic Industries,stretch
1,Basic Industries,metallized
1,Basic Industries,interest
3,Basic Industries,waste
1,Basic Industries,chemetall
1,Basic Industries,veneer
1,Basic Industries,collectible
3,Basic Industries,gas
1,Basic Industries,innospec
1,Basic Industries,palladium
1,Basic Industries,decontamination
1,Basic Industries,formate
1,Basic Industries,georgia
1,Basic Industries,tank
1,Basic Industries,cash
2,Basic Industries,value
1,Basic Industries,n
1,Basic Industries,bifold
1,Basic Industries,polybutylene
4,Basic Industries,property
1,Basic Industries,margin
1,Basic Industries,welding
1,Basic Industries,cylinder
1,Basic Industries,mexico
1,Basic Industries,pool
1,Basic Industries,soil
1,Basic Industries,calculator
4,Basic Industries,coating
3,Basic Industries,site
1,Basic Industries,surface
1,Basic Industries,rooster
2,Basic Industries,partner
7,Basic Industries,technology
1,Basic Industries,patent
1,Basic Industries,textile
1,Basic Industries,cabot
1,Basic Industries,helium
1,Basic Industries,lithium
1,Basic Industries,kimdura
1,Basic Industries,day
4,Basic Industries,development
2,Basic Industries,oil
2,Basic Industries,rail
1,Basic Industries,allocation
1,Basic Industries,cleaning
1,Basic Industries,aggregate
1,Basic Industries,opportunity
1,Basic Industries,fabrication
1,Basic Industries,center
1,Basic Industries,builder
2,Basic Industries,variety
1,Basic Industries,edge
2,Basic Industries,position
2,Basic Industries,chemistry
1,Basic Industries,cryogenic
1,Basic Industries,castable
1,Basic Industries,uranium
1,Basic Industries,duraflex
1,Basic Industries,agrochemical
1,Basic Industries,superalloy
1,Basic Industries,voltage
2,Basic Industries,alternative
1,Basic Industries,continent
1,Basic Industries,nonwoven
1,Basic Industries,web
1,Basic Industries,loading
1,Basic Industries,generator
1,Basic Industries,advancement
3,Basic Industries,contractor
1,Basic Industries,source
1,Basic Industries,location
1,Basic Industries,potash
1,Basic Industries,flashing
1,Basic Industries,petrochemical
1,Basic Industries,casting
2,Basic Industries,emergency
1,Basic Industries,government
2,Basic Industries,community
1,Basic Industries,aerospace
1,Basic Industries,vacuum
1,Basic Industries,press
15,Basic Industries,world
1,Basic Industries,railroad
1,Basic Industries,alpharetta
1,Basic Industries,furniture
2,Basic Industries,resin
1,Basic Industries,sustainablity
1,Basic Industries,page
1,Basic Industries,right
3,Basic Industries,people
1,Basic Industries,growth
1,Basic Industries,biocatalyst
6,Basic Industries,home
1,Basic Industries,empire
1,Basic Industries,newsletter
1,Basic Industries,octane
1,Basic Industries,munising
2,Basic Industries,miner
1,Basic Industries,microwave
1,Basic Industries,innovation
1,Basic Industries,epic
8,Basic Industries,leader
6,Basic Industries,business
1,Basic Industries,marketing
1,Basic Industries,comstock
1,Basic Industries,cleanroom
1,Basic Industries,leadership
1,Basic Industries,corp
1,Basic Industries,architectual
2,Basic Industries,manufacturing
5,Basic Industries,manufacturer
1,Basic Industries,chilean
2,Basic Industries,pipeline
1,Basic Industries,extension
1,Basic Industries,butanediol
11,Basic Industries,industry
4,Basic Industries,range
1,Basic Industries,ounce
1,Basic Industries,aquaculture
1,Basic Industries,shareholder
1,Basic Industries,processor
2,Basic Industries,facility
1,Basic Industries,synga
1,Basic Industries,involvement
1,Basic Industries,strip
1,Basic Industries,operator
3,Basic Industries,utility
1,Basic Industries,pharmaceutical
1,Basic Industries,coin
1,Basic Industries,biobased
1,Basic Industries,transfer
1,Basic Industries,support
1,Basic Industries,employee
2,Basic Industries,custom
1,Basic Industries,conservation
1,Basic Industries,vein
1,Basic Industries,way
1,Basic Industries,globe
6,Basic Industries,project
1,Basic Industries,form
1,Basic Industries,catalysi
2,Basic Industries,potassium
13,Basic Industries,specialty
1,Basic Industries,cloth
1,Basic Industries,heat
8,Basic Industries,construction
1,Basic Industries,catalyst
1,Basic Industries,line
2,Basic Industries,mineral
1,Basic Industries,converter
1,Basic Industries,peso
1,Basic Industries,phosphate
5,Basic Industries,exploration
1,Basic Industries,fabricator
3,Basic Industries,distribution
1,Basic Industries,pulp
1,Basic Industries,moly
1,Basic Industries,inkjet
1,Basic Industries,flow
2,Basic Industries,engineering
1,Basic Industries,expertise
1,Basic Industries,aerogel
1,Basic Industries,education
1,Basic Industries,dealer
1,Basic Industries,contest
2,Basic Industries,corporation
2,Basic Industries,storage
1,Basic Industries,detail
1,Basic Industries,goldfield
1,Basic Industries,rubber
1,Basic Industries,application
2,Basic Industries,book
1,Basic Industries,fiberglas
1,Basic Industries,restoration
1,Basic Industries,peak
2,Basic Industries,biotechnology
1,Basic Industries,fertilizer
1,Basic Industries,wind
2,Basic Industries,structure
1,Basic Industries,shredder
3,Basic Industries,building
1,Basic Industries,wafer
1,Basic Industries,consumer
1,Basic Industries,beverage
1,Basic Industries,nutrient
2,Capital Goods,shop
3,Capital Goods,chain
1,Capital Goods,spacecraft
1,Capital Goods,forage
2,Capital Goods,mill
12,Capital Goods,equipment
1,Capital Goods,gusset
1,Capital Goods,mower
1,Capital Goods,environment
1,Capital Goods,horespower
2,Capital Goods,division
1,Capital Goods,digit
1,Capital Goods,advantage
1,Capital Goods,propane
1,Capital Goods,end
1,Capital Goods,tank
1,Capital Goods,cable
5,Capital Goods,transmission
16,Capital Goods,solution
1,Capital Goods,circuit
1,Capital Goods,sand
1,Capital Goods,excellence
4,Capital Goods,car
1,Capital Goods,lever
1,Capital Goods,inspection
1,Capital Goods,work
1,Capital Goods,neighborhood
1,Capital Goods,genechip
1,Capital Goods,jib
5,Capital Goods,design
1,Capital Goods,portfolio
2,Capital Goods,patient
1,Capital Goods,specs
7,Capital Goods,power
1,Capital Goods,clock
1,Capital Goods,compax
1,Capital Goods,cell
1,Capital Goods,microprocessor
6,Capital Goods,supplier
1,Capital Goods,happijac
1,Capital Goods,mammography
1,Capital Goods,niche
1,Capital Goods,processing
4,Capital Goods,transportation
2,Capital Goods,cam
1,Capital Goods,degree
1,Capital Goods,genotyping
11,Capital Goods,component
2,Capital Goods,chassis
1,Capital Goods,pursuit
1,Capital Goods,miscarriage
1,Capital Goods,path
1,Capital Goods,readymix
1,Capital Goods,box
1,Capital Goods,search
1,Capital Goods,arc
1,Capital Goods,handlers
1,Capital Goods,brushles
1,Capital Goods,study
1,Capital Goods,experience
1,Capital Goods,credit
1,Capital Goods,airport
1,Capital Goods,implement
1,Capital Goods,mix
1,Capital Goods,changer
2,Capital Goods,imaging
1,Capital Goods,avionics
2,Capital Goods,family
1,Capital Goods,readymixed
1,Capital Goods,flexibility
2,Capital Goods,motor
9,Capital Goods,market
1,Capital Goods,driveline
1,Capital Goods,carbide
1,Capital Goods,dna
1,Capital Goods,hospital
1,Capital Goods,aste
1,Capital Goods,camera
3,Capital Goods,vehicle
1,Capital Goods,panel
1,Capital Goods,today
2,Capital Goods,door
1,Capital Goods,affy
12,Capital Goods,company
2,Capital Goods,emission
1,Capital Goods,fuel
1,Capital Goods,surface
5,Capital Goods,customer
1,Capital Goods,intake
1,Capital Goods,manway
1,Capital Goods,science
2,Capital Goods,challenge
1,Capital Goods,ata
1,Capital Goods,drill
1,Capital Goods,containment
5,Capital Goods,control
1,Capital Goods,trenching
1,Capital Goods,timberline
1,Capital Goods,lock
1,Capital Goods,chip
2,Capital Goods,share
1,Capital Goods,agent
1,Capital Goods,titanium
1,Capital Goods,axis
4,Capital Goods,motion
1,Capital Goods,monitoring
1,Capital Goods,pogo
1,Capital Goods,egres
1,Capital Goods,chemical
1,Capital Goods,lamp
1,Capital Goods,anpr
1,Capital Goods,csp
2,Capital Goods,stock
1,Capital Goods,plant
1,Capital Goods,description
3,Capital Goods,information
2,Capital Goods,office
1,Capital Goods,hazard
2,Capital Goods,accessory
2,Capital Goods,sustainability
1,Capital Goods,lighting
1,Capital Goods,snp
1,Capital Goods,docking
3,Capital Goods,light
1,Capital Goods,coal
5,Capital Goods,switch
1,Capital Goods,truck
1,Capital Goods,hay
2,Capital Goods,healthcare
2,Capital Goods,alloy
1,Capital Goods,interrupter
2,Capital Goods,producer
1,Capital Goods,telecom
1,Capital Goods,mission
1,Capital Goods,radar
1,Capital Goods,scientist
1,Capital Goods,keyboard
1,Capital Goods,existence
1,Capital Goods,turbine
1,Capital Goods,windshield
1,Capital Goods,developer
3,Capital Goods,machine
1,Capital Goods,police
1,Capital Goods,encoding
1,Capital Goods,window
3,Capital Goods,production
1,Capital Goods,tillage
1,Capital Goods,farmer
1,Capital Goods,conformance
1,Capital Goods,misalignment
1,Capital Goods,auto
6,Capital Goods,material
2,Capital Goods,nation
1,Capital Goods,homebuilder
1,Capital Goods,front
1,Capital Goods,substrate
2,Capital Goods,investor
1,Capital Goods,clutch
1,Capital Goods,capability
1,Capital Goods,slide
1,Capital Goods,truth
1,Capital Goods,rock
1,Capital Goods,em
1,Capital Goods,wheel
2,Capital Goods,storage
1,Capital Goods,weight
1,Capital Goods,gearmotor
1,Capital Goods,generation
1,Capital Goods,house
7,Capital Goods,energy
18,Capital Goods,product
1,Capital Goods,trading
2,Capital Goods,measurement
2,Capital Goods,distributor
1,Capital Goods,inverter
1,Capital Goods,positioner
1,Capital Goods,agriculture
4,Capital Goods,network
2,Capital Goods,space
1,Capital Goods,rigging
1,Capital Goods,quality
3,Capital Goods,valve
2,Capital Goods,diesel
1,Capital Goods,factory
5,Capital Goods,research
1,Capital Goods,semiconductor
2,Capital Goods,safety
1,Capital Goods,reader
1,Capital Goods,medicine
2,Capital Goods,sensor
1,Capital Goods,anticollision
1,Capital Goods,independence
1,Capital Goods,eagle
1,Capital Goods,fiber
2,Capital Goods,telecommunication
1,Capital Goods,diagnostic
2,Capital Goods,cockpit
1,Capital Goods,base
1,Capital Goods,emulation
1,Capital Goods,drivetrain
2,Capital Goods,automation
2,Capital Goods,advance
1,Capital Goods,trunnion
1,Capital Goods,transaxle
2,Capital Goods,silicon
1,Capital Goods,lte
1,Capital Goods,router
1,Capital Goods,smelting
1,Capital Goods,saving
1,Capital Goods,revenue
1,Capital Goods,number
15,Capital Goods,system
1,Capital Goods,subcontractor
2,Capital Goods,force
1,Capital Goods,array
5,Capital Goods,electronic
1,Capital Goods,engineer
1,Capital Goods,city
1,Capital Goods,story
4,Capital Goods,management
2,Capital Goods,temperature
8,Capital Goods,service
1,Capital Goods,astrotech
1,Capital Goods,tow
1,Capital Goods,elevator
1,Capital Goods,aluminio
1,Capital Goods,station
1,Capital Goods,lab
1,Capital Goods,john
1,Capital Goods,cabin
1,Capital Goods,mining
2,Capital Goods,gear
1,Capital Goods,servo
3,Capital Goods,tool
1,Capital Goods,innovate
6,Capital Goods,part
1,Capital Goods,digi
4,Capital Goods,steel
1,Capital Goods,television
1,Capital Goods,throttle
1,Capital Goods,keyword
1,Capital Goods,aztec
1,Capital Goods,regulator
1,Capital Goods,matter
2,Capital Goods,computer
1,Capital Goods,iron
1,Capital Goods,prioritize
3,Capital Goods,video
1,Capital Goods,outcome
2,Capital Goods,tractor
1,Capital Goods,torque
1,Capital Goods,ruggedized
1,Capital Goods,option
1,Capital Goods,lid
1,Capital Goods,gantry
1,Capital Goods,agency
1,Capital Goods,iivi
1,Capital Goods,majority
1,Capital Goods,edge
1,Capital Goods,performance
1,Capital Goods,competence
1,Capital Goods,accuracy
2,Capital Goods,price
1,Capital Goods,combustion
1,Capital Goods,plan
2,Capital Goods,organization
1,Capital Goods,device
1,Capital Goods,coil
1,Capital Goods,encoder
1,Capital Goods,segment
1,Capital Goods,prober
1,Capital Goods,kb
1,Capital Goods,lawn
1,Capital Goods,mineral
5,Capital Goods,metal
1,Capital Goods,lpr
1,Capital Goods,pipe
1,Capital Goods,metalworking
1,Capital Goods,refining
1,Capital Goods,professional
1,Capital Goods,sector
1,Capital Goods,golf
1,Capital Goods,asphalt
1,Capital Goods,coalcar
1,Capital Goods,probe
1,Capital Goods,homeowner
1,Capital Goods,nasdaq
2,Capital Goods,freight
1,Capital Goods,manifold
1,Capital Goods,spindle
2,Capital Goods,line
1,Capital Goods,ground
1,Capital Goods,reservoir
1,Capital Goods,wood
2,Capital Goods,employee
1,Capital Goods,proximity
1,Capital Goods,ip
1,Capital Goods,plate
1,Capital Goods,stow
1,Capital Goods,fluid
2,Capital Goods,resource
5,Capital Goods,aluminum
1,Capital Goods,differential
1,Capital Goods,logistic
1,Capital Goods,metalcutting
1,Capital Goods,release
1,Capital Goods,personalization
1,Capital Goods,vision
2,Capital Goods,view
1,Capital Goods,milling
4,Capital Goods,testing
1,Capital Goods,coupler
1,Capital Goods,detection
1,Capital Goods,millimeterwave
1,Capital Goods,parking
2,Capital Goods,news
1,Capital Goods,arm
1,Capital Goods,practice
2,Capital Goods,wire
1,Capital Goods,propulsion
1,Capital Goods,homebuyer
1,Capital Goods,oxidation
1,Capital Goods,storeroom
3,Capital Goods,infrastructure
1,Capital Goods,parent
1,Capital Goods,silicone
1,Capital Goods,remanufactured
1,Capital Goods,mailbox
2,Capital Goods,efficiency
3,Capital Goods,aircraft
1,Capital Goods,interface
1,Capital Goods,overhaul
1,Capital Goods,passenger
5,Capital Goods,defense
1,Capital Goods,career
1,Capital Goods,country
1,Capital Goods,seattech
1,Capital Goods,job
2,Capital Goods,grain
1,Capital Goods,railway
1,Capital Goods,duty
1,Capital Goods,cn
5,Capital Goods,supply
1,Capital Goods,recycling
2,Capital Goods,community
1,Capital Goods,packaging
1,Capital Goods,johndeere
1,Capital Goods,connectivity
1,Capital Goods,approval
1,Capital Goods,table
1,Capital Goods,rpm
1,Capital Goods,seeding
1,Capital Goods,belt
1,Capital Goods,securement
1,Capital Goods,conveyor
2,Capital Goods,addition
1,Capital Goods,gondola
1,Capital Goods,innovation
1,Capital Goods,workshop
2,Capital Goods,maintenance
1,Capital Goods,johndeer
1,Capital Goods,helicopter
1,Capital Goods,meeting
4,Capital Goods,engine
3,Capital Goods,life
1,Capital Goods,nickel
4,Capital Goods,gas
1,Capital Goods,bulk
1,Capital Goods,controller
1,Capital Goods,hoist
1,Capital Goods,axle
2,Capital Goods,aviation
2,Capital Goods,shaft
1,Capital Goods,handling
2,Capital Goods,laser
1,Capital Goods,n
1,Capital Goods,rope
1,Capital Goods,cast
1,Capital Goods,ignition
1,Capital Goods,fault
1,Capital Goods,saxonburg
1,Capital Goods,welding
2,Capital Goods,aluminium
1,Capital Goods,toolroom
1,Capital Goods,pharmacogenomic
1,Capital Goods,century
1,Capital Goods,steelmaking
1,Capital Goods,site
1,Capital Goods,quickbite
1,Capital Goods,hardware
1,Capital Goods,cluster
1,Capital Goods,brake
1,Capital Goods,protein
12,Capital Goods,technology
1,Capital Goods,metrology
1,Capital Goods,surveillance
1,Capital Goods,microarray
3,Capital Goods,inventory
1,Capital Goods,electro
1,Capital Goods,development
3,Capital Goods,exhaust
1,Capital Goods,oil
2,Capital Goods,optic
2,Capital Goods,rail
1,Capital Goods,cement
2,Capital Goods,hand
1,Capital Goods,strength
1,Capital Goods,aggregate
2,Capital Goods,fabrication
1,Capital Goods,chattanooga
2,Capital Goods,center
1,Capital Goods,navigation
2,Capital Goods,builder
1,Capital Goods,floor
2,Capital Goods,analysis
1,Capital Goods,contact
2,Capital Goods,relief
1,Capital Goods,personnel
1,Capital Goods,position
1,Capital Goods,chemistry
1,Capital Goods,cryogenic
1,Capital Goods,taxi
1,Capital Goods,protocol
1,Capital Goods,photo
1,Capital Goods,laptop
1,Capital Goods,electroluminescent
1,Capital Goods,propeller
1,Capital Goods,kalu
1,Capital Goods,amp
1,Capital Goods,alternative
2,Capital Goods,speed
1,Capital Goods,alignment
1,Capital Goods,density
1,Capital Goods,drive
1,Capital Goods,dc
2,Capital Goods,contractor
1,Capital Goods,pallet
4,Capital Goods,instrument
1,Capital Goods,location
1,Capital Goods,input
1,Capital Goods,transformation
2,Capital Goods,vendor
1,Capital Goods,railcar
1,Capital Goods,emergency
3,Capital Goods,government
1,Capital Goods,nvg
1,Capital Goods,compex
1,Capital Goods,traffic
9,Capital Goods,aerospace
1,Capital Goods,press
10,Capital Goods,world
2,Capital Goods,railroad
2,Capital Goods,furniture
1,Capital Goods,vending
1,Capital Goods,chamber
1,Capital Goods,tower
1,Capital Goods,disorder
2,Capital Goods,page
2,Capital Goods,replacement
1,Capital Goods,spring
1,Capital Goods,lathe
2,Capital Goods,growth
1,Capital Goods,mirror
10,Capital Goods,home
1,Capital Goods,transport
1,Capital Goods,manipulator
1,Capital Goods,competitor
3,Capital Goods,microwave
1,Capital Goods,exit
3,Capital Goods,provider
10,Capital Goods,leader
1,Capital Goods,biology
3,Capital Goods,assembly
5,Capital Goods,business
1,Capital Goods,internship
1,Capital Goods,marketing
1,Capital Goods,barcode
1,Capital Goods,centaur
1,Capital Goods,pressure
1,Capital Goods,leadership
1,Capital Goods,bolt
1,Capital Goods,aerostructure
1,Capital Goods,flatcar
12,Capital Goods,manufacturing
4,Capital Goods,security
13,Capital Goods,manufacturer
1,Capital Goods,pipeline
1,Capital Goods,freedom
12,Capital Goods,industry
3,Capital Goods,range
1,Capital Goods,carrier
1,Capital Goods,airline
1,Capital Goods,road
3,Capital Goods,repair
2,Capital Goods,facility
3,Capital Goods,communication
1,Capital Goods,image
1,Capital Goods,commitment
1,Capital Goods,ultrasound
1,Capital Goods,resilience
1,Capital Goods,utility
1,Capital Goods,america
1,Capital Goods,networking
2,Capital Goods,custom
1,Capital Goods,pa
1,Capital Goods,way
1,Capital Goods,globe
1,Capital Goods,head
1,Capital Goods,medium
1,Capital Goods,offer
1,Capital Goods,bus
2,Capital Goods,brand
2,Capital Goods,landing
1,Capital Goods,cabinet
4,Capital Goods,construction
1,Capital Goods,catalyst
1,Capital Goods,delta
1,Capital Goods,subsidiary
1,Capital Goods,crane
1,Capital Goods,fort
1,Capital Goods,converter
1,Capital Goods,harvester
1,Capital Goods,default
1,Capital Goods,reinforcement
1,Capital Goods,crystal
4,Capital Goods,distribution
1,Capital Goods,display
1,Capital Goods,aa
1,Capital Goods,bearing
1,Capital Goods,citizenship
1,Capital Goods,ag
1,Capital Goods,flow
4,Capital Goods,year
1,Capital Goods,deer
5,Capital Goods,sale
1,Capital Goods,stergren
4,Capital Goods,engineering
2,Capital Goods,expertise
2,Capital Goods,education
1,Capital Goods,mold
2,Capital Goods,dealer
2,Capital Goods,variety
3,Capital Goods,corporation
1,Capital Goods,telemetry
1,Capital Goods,reality
1,Capital Goods,forestry
6,Capital Goods,application
1,Capital Goods,other
1,Capital Goods,functionality
1,Capital Goods,branch
4,Capital Goods,test
1,Capital Goods,symbol
1,Capital Goods,kaiser
1,Capital Goods,astec
3,Capital Goods,building
1,Capital Goods,coreles
1,Capital Goods,validation
1,Capital Goods,e
1,Capital Goods,coupling
1,Capital Goods,wafer
1,Capital Goods,foundry
1,Capital Goods,diagnosis
1,Capital Goods,diagnotic
1,Capital Goods,cps
1,Technology,code
1,Technology,chain
1,Technology,dynamic
2,Technology,manager
1,Technology,concept
2,Technology,settlement
1,Technology,baseband
3,Technology,content
1,Technology,atlan
1,Technology,tv
1,Technology,multicore
1,Technology,swap
1,Technology,sourcing
1,Technology,family
1,Technology,risk
1,Technology,amplifier
1,Technology,supercomputer
1,Technology,dell
1,Technology,school
3,Technology,cable
1,Technology,level
28,Technology,solution
6,Technology,leader
2,Technology,car
2,Technology,inspection
1,Technology,cap
1,Technology,pacakaging
2,Technology,cyber
2,Technology,cost
8,Technology,design
3,Technology,investment
1,Technology,cargo
8,Technology,power
1,Technology,clock
1,Technology,dealer
1,Technology,specification
1,Technology,multimedia
1,Technology,bipolar
1,Technology,microprocessor
1,Technology,capital
3,Technology,supplier
1,Technology,method
1,Technology,body
1,Technology,med
1,Technology,cleanroom
1,Technology,transportation
1,Technology,degree
2,Technology,component
1,Technology,understanding
2,Technology,protection
1,Technology,studio
1,Technology,hightech
1,Technology,search
1,Technology,voice
1,Technology,talent
2,Technology,study
1,Technology,compliance
4,Technology,experience
3,Technology,credit
1,Technology,hospitality
1,Technology,campaign
1,Technology,app
1,Technology,api
1,Technology,unit
1,Technology,monetization
1,Technology,eye
1,Technology,wealth
1,Technology,certificate
1,Technology,multiphysic
2,Technology,program
1,Technology,asset
2,Technology,memory
1,Technology,encode
1,Technology,panel
1,Technology,type
2,Technology,today
13,Technology,company
1,Technology,treasury
1,Technology,biller
1,Technology,visibility
1,Technology,glass
1,Technology,surface
9,Technology,customer
1,Technology,account
1,Technology,graphic
1,Technology,erp
1,Technology,room
1,Technology,telephony
1,Technology,science
1,Technology,challenge
2,Technology,work
1,Technology,conformity
1,Technology,scripting
4,Technology,control
6,Technology,process
4,Technology,chip
2,Technology,enablement
1,Technology,guarantee
4,Technology,information
1,Technology,arsenide
1,Technology,interconnect
1,Technology,goal
1,Technology,hom
1,Technology,chemical
1,Technology,lamp
1,Technology,answer
1,Technology,axis
1,Technology,stock
9,Technology,product
1,Technology,rise
1,Technology,threat
1,Technology,collection
1,Technology,diagram
2,Technology,connectivity
1,Technology,notebook
2,Technology,lighting
1,Technology,monitoring
10,Technology,data
1,Technology,response
1,Technology,workstation
1,Technology,documentation
1,Technology,robot
2,Technology,switch
1,Technology,ethernet
1,Technology,refund
2,Technology,office
2,Technology,telecom
1,Technology,insight
1,Technology,mission
1,Technology,trade
1,Technology,stability
2,Technology,performance
1,Technology,developer
1,Technology,machine
1,Technology,arduino
5,Technology,platform
1,Technology,production
1,Technology,carton
1,Technology,employment
1,Technology,return
2,Technology,finance
1,Technology,yo
1,Technology,auto
3,Technology,material
1,Technology,scorecarding
1,Technology,fingerprint
1,Technology,palletwide
1,Technology,term
1,Technology,meat
1,Technology,university
1,Technology,crypto
2,Technology,trailer
2,Technology,generation
5,Technology,energy
1,Technology,contracting
1,Technology,frequency
3,Technology,year
1,Technology,event
1,Technology,epayment
2,Technology,container
6,Technology,network
2,Technology,space
1,Technology,electronic
1,Technology,factory
2,Technology,research
7,Technology,semiconductor
1,Technology,hitech
1,Technology,desking
1,Technology,engineer
1,Technology,sensor
1,Technology,fiber
1,Technology,telecommunication
1,Technology,workflow
1,Technology,million
3,Technology,payroll
1,Technology,base
2,Technology,imaging
4,Technology,networking
1,Technology,card
1,Technology,interaction
1,Technology,jet
1,Technology,transition
2,Technology,silicon
1,Technology,thing
1,Technology,place
1,Technology,footwear
3,Technology,circuit
1,Technology,router
1,Technology,nonprofit
2,Technology,shopper
2,Technology,revenue
1,Technology,preservation
1,Technology,price
2,Technology,quality
1,Technology,tomorrow
1,Technology,size
18,Technology,management
1,Technology,temperature
14,Technology,service
1,Technology,engagement
11,Technology,system
1,Technology,designer
1,Technology,lifecycle
1,Technology,station
1,Technology,tol
2,Technology,hundred
1,Technology,filter
1,Technology,store
2,Technology,lease
1,Technology,agility
1,Technology,relationship
3,Technology,tool
1,Technology,institution
2,Technology,television
1,Technology,b
1,Technology,preparation
1,Technology,planarization
1,Technology,compensation
2,Technology,computer
4,Technology,video
1,Technology,acquisition
1,Technology,bridge
1,Technology,fashion
1,Technology,saa
1,Technology,spectrum
1,Technology,rent
1,Technology,gigabit
1,Technology,acceleration
1,Technology,instrumentation
1,Technology,conversion
1,Technology,veteran
1,Technology,complexity
1,Technology,mechanism
3,Technology,equipment
1,Technology,donor
1,Technology,debugging
1,Technology,printer
1,Technology,offload
2,Technology,collaboration
1,Technology,virus
1,Technology,entry
1,Technology,phase
1,Technology,gallery
1,Technology,astro
1,Technology,archiving
1,Technology,flow
6,Technology,sale
1,Technology,face
1,Technology,cortex
5,Technology,enterprise
1,Technology,professional
1,Technology,physics
1,Technology,liquidity
1,Technology,nasdaq
1,Technology,planning
1,Technology,radio
1,Technology,freight
2,Technology,portfolio
1,Technology,upgrade
1,Technology,importer
1,Technology,employer
5,Technology,analytic
1,Technology,tape
1,Technology,equity
5,Technology,employee
1,Technology,dispute
1,Technology,move
1,Technology,fluid
1,Technology,report
1,Technology,resource
1,Technology,course
1,Technology,shopping
1,Technology,banking
1,Technology,emv
2,Technology,logistic
1,Technology,tuner
2,Technology,vision
1,Technology,view
1,Technology,leasing
1,Technology,nanotube
1,Technology,testing
1,Technology,authorization
2,Technology,reefer
3,Technology,module
1,Technology,detection
1,Technology,defense
1,Technology,college
1,Technology,result
1,Technology,wideband
1,Technology,electrode
1,Technology,analog
1,Technology,innovator
1,Technology,review
2,Technology,outsourcing
2,Technology,label
1,Technology,iri
1,Technology,bureau
1,Technology,downconverter
1,Technology,import
1,Technology,email
1,Technology,infrastructure
1,Technology,web
1,Technology,remanufactured
1,Technology,bump
1,Technology,aircraft
1,Technology,dividend
1,Technology,unitive
1,Technology,distribution
1,Technology,admin
1,Technology,country
1,Technology,deduction
1,Technology,pdm
1,Technology,alot
1,Technology,receiver
1,Technology,contribution
1,Technology,ci
2,Technology,point
1,Technology,color
1,Technology,cobble
2,Technology,packaging
1,Technology,carbon
1,Technology,trust
1,Technology,pv
1,Technology,billing
2,Technology,innovation
1,Technology,refrigeration
1,Technology,photovoltaic
1,Technology,prototype
1,Technology,firm
2,Technology,life
1,Technology,flight
1,Technology,thousand
1,Technology,precision
1,Technology,gap
2,Technology,fund
2,Technology,controller
1,Technology,bulb
1,Technology,mcu
1,Technology,gaa
2,Technology,case
1,Technology,commerce
1,Technology,multi
1,Technology,handling
1,Technology,enrollment
1,Technology,zlib
3,Technology,cash
2,Technology,value
1,Technology,behavior
1,Technology,fleet
1,Technology,cvd
2,Technology,property
1,Technology,margin
1,Technology,loop
2,Technology,supply
1,Technology,graphene
1,Technology,coating
1,Technology,telephone
1,Technology,avr
1,Technology,player
4,Technology,partner
14,Technology,technology
1,Technology,laundering
2,Technology,productivity
2,Technology,trial
1,Technology,media
3,Technology,administration
2,Technology,check
2,Technology,authentication
1,Technology,pad
1,Technology,chargeback
1,Technology,document
1,Technology,day
2,Technology,development
1,Technology,satellite
2,Technology,workforce
3,Technology,automation
1,Technology,debit
1,Technology,portal
1,Technology,issuance
1,Technology,robotic
1,Technology,opportunity
1,Technology,cycle
1,Technology,poultry
2,Technology,transaction
3,Technology,center
1,Technology,intrusion
2,Technology,client
1,Technology,organization
1,Technology,model
1,Technology,modem
2,Technology,financing
3,Technology,storage
1,Technology,laptop
1,Technology,deployment
1,Technology,touch
2,Technology,speed
1,Technology,datacom
1,Technology,visualization
1,Technology,softphone
1,Technology,mix
1,Technology,drive
1,Technology,desktop
1,Technology,instrument
2,Technology,transformation
1,Technology,harvesting
1,Technology,vendor
1,Technology,aml
2,Technology,government
1,Technology,microcontroller
1,Technology,vacuum
12,Technology,world
1,Technology,furniture
1,Technology,loss
1,Technology,gift
1,Technology,cooler
1,Technology,signal
3,Technology,server
2,Technology,benefit
2,Technology,prevention
5,Technology,security
1,Technology,outsourced
1,Technology,right
2,Technology,people
1,Technology,library
2,Technology,growth
1,Technology,export
1,Technology,invoice
6,Technology,home
1,Technology,ascent
1,Technology,broadband
2,Technology,electromagnetic
1,Technology,integration
1,Technology,pioneer
6,Technology,market
7,Technology,provider
1,Technology,recorder
1,Technology,slurry
3,Technology,core
2,Technology,assembly
13,Technology,business
3,Technology,marketing
2,Technology,payment
4,Technology,processing
1,Technology,broker
1,Technology,plm
4,Technology,manufacturing
1,Technology,predictability
3,Technology,manufacturer
2,Technology,package
1,Technology,sepa
9,Technology,industry
1,Technology,gallium
2,Technology,simulation
1,Technology,range
1,Technology,airline
1,Technology,improvement
1,Technology,backup
3,Technology,processor
2,Technology,optoelectronic
17,Technology,software
1,Technology,consulting
5,Technology,communication
1,Technology,image
2,Technology,retailer
1,Technology,operator
1,Technology,van
1,Technology,area
1,Technology,question
2,Technology,custom
1,Technology,synthesizer
1,Technology,upconverter
1,Technology,offering
1,Technology,offer
1,Technology,hr
2,Technology,brand
1,Technology,encoder
1,Technology,delivery
6,Technology,cloud
1,Technology,gain
1,Technology,decoder
1,Technology,convergence
1,Technology,nanowire
1,Technology,valuation
1,Technology,fraud
1,Technology,cig
1,Technology,wafer
2,Technology,appliance
1,Technology,verification
1,Technology,problem
1,Technology,motion
1,Technology,money
1,Technology,convergent
1,Technology,engineering
1,Technology,file
3,Technology,accounting
2,Technology,modeling
1,Technology,education
1,Technology,archive
1,Technology,film
3,Technology,inc
1,Technology,floor
1,Technology,corporation
1,Technology,telemetry
1,Technology,exception
12,Technology,application
1,Technology,other
1,Technology,test
1,Technology,roll
1,Technology,soho
1,Technology,exporter
1,Technology,audience
1,Technology,timing
1,Technology,algorithm
1,Technology,phone
4,Technology,consumer
1,Technology,nanomaterial
4,Technology,time
1,Technology,apparel
1,Technology,validation
1,Technology,presentment
